住居名,url,家賃,住所,最寄り駅,岡山駅までの距離,学校までの距離,間取り,専用設備,共通設備
クレストール津島京町,https://unilife.co.jp/view/12368,3.6万円 ～ 4.15万円,岡山県岡山市北区津島京町3丁目3-13,"岡電バス「岡山商大前」停徒歩1分
ＪＲ津山線「法界院」駅 自転車12分(約2.7km)",3.1 km,130 m,1K／20.9m²／6.1帖,セパレート（バス・トイレ） / 独立洗面化粧台 / 洗濯機置場(室内) / 温水洗浄便座 / IHコンロ(1口) / 家具付(一部) / 家電付(一部) / 居室照明器具 / フローリング / バルコニー / 収納 / シューズケース / 防犯ディンプルキー / エアコン,インターネット対応（無料） / 防犯カメラ / 宅配BOX / 駐輪場
Y・N・G西坂Ⅲ,https://unilife.co.jp/view/10169,4.3万円 ～ 4.7万円,岡山県岡山市北区津島西坂2丁目6-11,"岡電バス「明誠学院前」停徒歩4分
ＪＲ吉備線「備前三門」駅 自転車12分(約2.7km)",2.9 km,450 m,1K／24.02m²～27.03m²／8帖～8.3帖,セパレート（バス・トイレ） / 独立洗面化粧台(一部) / 洗濯機置場(室内) / 温水洗浄便座 / IHコンロ(2口) / フローリング / 収納 / シューズケース / インターフォン / エアコン / オール電化(ガス無し),BSアンテナ / インターネット対応 / オートロック / 駐車場(任意) / 駐輪場(原付可)
Y・N・G西坂Ⅴ,https://unilife.co.jp/view/10170,4.4万円 ～ 4.9万円,岡山県岡山市北区津島西坂2丁目6-25,"岡電バス「明誠学院前」停徒歩4分
ＪＲ山陽本線「岡山」駅 自転車13分(約3.1km)
ＪＲ津山線「法界院」駅 自転車11分(約2.6km)",2.8 km,450 m,1K～5SLDK／25.7m²～28.8m²／8帖～10帖,セパレート（バス・トイレ） / 洗濯機置場(室内) / 温水洗浄便座 / RHコンロ(2口) / フローリング / 収納 / シューズケース / インターフォン / エアコン / オール電化(ガス無し),BSアンテナ / インターネット対応 / オートロック / エレベーター / 駐車場(任意) / 駐輪場(原付可)
Y・N・G西坂Ⅳ,https://unilife.co.jp/view/10171,4.3万円 ～ 4.6万円,岡山県岡山市北区津島西坂2丁目6-1,"岡電バス・中鉄バス「明誠学院前」停徒歩4分
ＪＲ津山線「法界院」駅 自転車11分(約2.6km)",3.0 km,450 m,1K／24.97m²／8帖,セパレート（バス・トイレ） / 洗濯機置場(室内) / 温水洗浄便座 / RHコンロ(2口) / フローリング / バルコニー / 収納 / シューズケース / インターフォン / エアコン / オール電化(ガス無し),BSアンテナ / インターネット対応 / オートロック / 駐車場(任意) / 駐輪場(原付可)
パーティアム津高,https://unilife.co.jp/view/10077,3.3万円 ～ 3.5万円,岡山県岡山市北区富原2900,"岡電バス「小幸田口」停 徒歩13分
ＪＲ津山線「法界院」駅 自転車20分(約4.8km)",5.2 km,2.3 km,1DK／26.49m²／10.5帖～11.5帖,セパレート（バス・トイレ） / 洗濯機置場(室内) / ガスコンロ(1口) / 居室照明器具 / フローリング / バルコニー / 収納 / シューズケース / インターフォン / エアコン / 個別給湯（ガス）,BSアンテナ / インターネット対応 / 駐車場(任意) / 駐輪場(原付可)
アバンティ学南町,https://unilife.co.jp/view/10605,3.95万円 ～ 4.95万円,岡山県岡山市北区学南町1丁目17-20,"岡電バス「大和町」停徒歩6分
ＪＲ津山線「法界院」駅 徒歩8分",2.1 km,2.4 km,1K／22.3m²～26.4m²／9.4帖,セパレート（バス・トイレ） / 洗濯機置場(室内) / 温水洗浄便座 / ガスコンロ(持込) / 家具家電付(一部) / フローリング / バルコニー / 収納 / シューズケース / インターフォン / エアコン / 個別給湯（ガス）,プロパンガス / BSアンテナ / インターネット(Wi-Fi対応) / 自動販売機 / 駐輪場(原付可) / 駐車場(任意)
AIBO大和町,https://unilife.co.jp/view/12436,5.2万円 ～ 5.45万円,岡山県岡山市北区大和町1丁目25-5,"岡電バス「大和町」停徒歩4分
ＪＲ津山線「法界院」駅 徒歩13分",1.9 km,2.5 km,1K／29.7m²／9帖,独立洗面化粧台 / セパレート（バス・トイレ） / 洗濯機置場(室内) / 温水洗浄便座 / 浴室乾燥機 / IHコンロ(2口) / 居室照明器具 / サンルーム / 収納 / シューズケース / インターフォン（TVモニター付) / 防犯ディンプルキー / エアコン,プロパンガス / インターネット対応（無料） / 防犯カメラ / 宅配BOX / 駐輪場(原付可)
アクティブ北方,https://unilife.co.jp/view/10173,4.4万円 ～ 4.5万円,岡山県岡山市北区北方2丁目1-13,"岡電バス「法界院駅前」停徒歩2分
ＪＲ津山線「法界院」駅 徒歩4分",2.7 km,2.9 km,1K／18.69m²／7帖,セパレート（バス・トイレ） / 洗濯機置場(室内) / 温水洗浄便座 / ガスコンロ(持込) / 家電付(一部) / 家具付(一部) / 居室照明器具 / フローリング / バルコニー / 収納 / インターフォン（TVモニター付) / エアコン / 個別給湯（ガス）,プロパンガス / インターネット対応 / 駐輪場(原付可)
学生会館 津島HUB【食事付き】,https://unilife.co.jp/view/12157,4.85万円 ～ 5.85万円,岡山県岡山市北区津島東4丁目,"岡電バス「津島東3丁目」停　徒歩3分
ＪＲ津山線「法界院」駅 徒歩12分",3.6 km,2.8 km,1K／20.5m²／6帖,独立洗面化粧台 / セパレート（バス・トイレ） / 洗濯機 / 洗濯機置場(室内) / 浴室乾燥機 / 温水洗浄便座 / IHコンロ / 家具家電付 / 冷蔵庫（２ドア） / 居室照明器具 / 電子レンジ / ベッド / バルコニー / フローリング / 収納 / シューズケース / 吊棚 / インターフォン（TVモニター付) / 暗証番号式キー / エアコン / 個別給湯（ガス）,プロパンガス / BSアンテナ / インターネット(Wi-Fi対応) / オートロック / 防犯カメラ（ユニセーフ24仕様） / 宅配BOX / 自動販売機 / 駐輪場(原付可) / 食堂（UniTimeKitchen仕様） / ユニタイムラウンジ / コミュニティルーム
学生会館 津島HUB ANNEX【食事付き】,https://unilife.co.jp/view/12417,5.5万円 ～ 5.95万円,岡山県岡山市北区津島東4丁目18-22,"岡電バス「津島東3丁目」停徒歩3分
ＪＲ津山線「法界院」駅 徒歩12分",3.5 km,3.0 km,22.6m²／7.3帖,セパレート（バス・トイレ） / 独立洗面化粧台 / 洗濯機 / 洗濯機置場(室内) / 浴室乾燥機 / 温水洗浄便座 / IHコンロ / 家具家電付 / 冷蔵庫（２ドア） / 居室照明器具 / 電子レンジ / ベッド / バルコニー / フローリング / シューズケース / 吊棚 / 収納 / インターフォン（TVモニター付) / 暗証番号式キー / エアコン,プロパンガス / BSアンテナ / インターネット(Wi-Fi対応) / U-NEXTビデオ見放題(無料体験) / オートロック / 防犯カメラ / 宅配BOX / 駐輪場(原付可)
サンシティ京町,https://unilife.co.jp/view/11177,3.8万円 ～ 4.4万円,岡山県岡山市北区津島京町3丁目5-22,"岡電バス「岡山商大前」停徒歩2分
ＪＲ吉備線「備前三門」駅 自転車9分(約2.2km)",3.3 km,180 m,1K／26.8m²／8帖,独立洗面化粧台 / セパレート（バス・トイレ） / 洗濯機置場(室内) / 温水洗浄便座 / ガスコンロ(持込) / 家電付(一部) / 居室照明器具 / バルコニー / フローリング / ロフト(一部) / 収納 / シューズケース / インターフォン / 防犯ディンプルキー / エアコン / 個別給湯（ガス）,プロパンガス / BSアンテナ / CATV / インターネット対応（無料） / オートロック / 防犯カメラ / 駐車場(任意) / 駐輪場(原付可)
メゾン津島,https://unilife.co.jp/view/10487,"3.45万円 ～ 4.2万円
（5F1Kロフトタイプ：3.95万円～4.25万円／2DKタイプ：4.8万円）",岡山県岡山市北区津島笹が瀬2-8,"岡電バス「岡山商大前」停徒歩2分
ＪＲ吉備線「備前三門」駅 自転車11分(約2.6km)",3.0 km,350 m,1K／21m²／6.5帖,セパレート（バス・トイレ） / 洗濯機置場(室内) / 温水洗浄便座 / ガスコンロ(2口) / 家具家電付(一部) / 冷蔵庫（２ドア） / 居室照明器具 / 電子レンジ / ベッド / フローリング / バルコニー / 収納 / シューズケース / エアコン / 個別給湯（ガス）,プロパンガス / インターネット(Wi-Fi対応) / オートロック / 防犯カメラ（ユニセーフ24仕様） / 宅配BOX / 駐輪場(原付可)
ベルハイム津島Ⅰ号館,https://unilife.co.jp/view/12233,4.65万円 ～ 4.95万円,岡山県岡山市北区津島西坂2丁目4-30,"岡電バス「明誠学院前」停徒歩3分
ＪＲ津山線「法界院」駅 自転車10分(約2.2km)",2.7 km,600 m,1K／28.8m²／9帖,セパレート（バス・トイレ） / 独立洗面化粧台 / 洗濯機 / 温水洗浄便座 / IHコンロ(2口) / 家電付 / 冷蔵庫（２ドア） / 居室照明器具 / 電子レンジ / ベッド / フローリング / バルコニー / 収納 / シューズケース / インターフォン（TVモニター付) / 防犯ディンプルキー / エアコン / 個別給湯（ガス）,プロパンガス / BSアンテナ / インターネット対応（無料） / 防犯カメラ / 宅配BOX / 駐車場(任意) / 駐輪場(原付可)
ボヌール津高,https://unilife.co.jp/view/10503,2.95万円 ～ 3.85万円,岡山県岡山市北区津高183-2,"岡電バス「笹が瀬」停徒歩4分
ＪＲ吉備線「備前三門」駅 自転車13分(約3.0km)",3.8 km,900 m,1K／22m²／7帖,セパレート（バス・トイレ） / 洗濯機 / 温水洗浄便座 / ガスコンロ(1口) / 家具家電付 / 冷蔵庫（２ドア） / 居室照明器具 / フローリング / バルコニー / 収納 / シューズケース / インターフォン（TVモニター付) / エアコン,BSアンテナ / インターネット対応 / オートロック / 宅配BOX / 駐輪場(原付可)
ニューレント津島,https://unilife.co.jp/view/11387,4.7万円 ～ 5万円,岡山県岡山市北区津島南2丁目5-5,"岡電バス「津島新道」停　徒歩3分
ＪＲ津山線「法界院」駅 自転車8分(約1.8km)",2.3 km,1.1 km,1K／23m²／8帖,独立洗面化粧台 / セパレート（バス・トイレ） / 洗濯機置場(室内) / 温水洗浄便座 / IHコンロ / 家電付(一部) / 居室照明器具 / バルコニー / フローリング / 収納 / シューズケース / インターフォン / 防犯ディンプルキー / エアコン / 個別給湯（ガス）,プロパンガス / BSアンテナ / CATV / インターネット対応（無料） / オートロック / 防犯カメラ / 駐車場(任意) / 駐輪場(原付可)
エスポアール津高,https://unilife.co.jp/view/10367,3.1万円 ～ 3.5万円,岡山県岡山市北区津高230-1,"岡電バス「津高妙でん寺」停徒歩3分
ＪＲ津山線「法界院」駅 自転車15分(約3.6km)",4.1 km,1.1 km,1K／21.33m²／8帖,セパレート（バス・トイレ） / 洗濯機置場(室内) / 温水洗浄便座 / ガスコンロ(持込) / 居室照明器具 / フローリング / バルコニー / 収納 / エアコン,インターネット対応（無料） / オートロック / 駐車場(任意) / 駐輪場(原付可)
レガーロ津島,https://unilife.co.jp/view/10434,4.4万円 ～ 5.1万円,岡山県岡山市北区津島福居2丁目15-2,"岡電バス「福居2丁目」停徒歩3分
ＪＲ津山線「法界院」駅 自転車8分(約1.8km)",3.2 km,1.9 km,1K／24.01m²～24.84m²／7.6帖～8帖,セパレート（バス・トイレ） / 独立洗面化粧台 / 洗濯機置場(室内) / 温水洗浄便座 / 浴室乾燥機 / ガスコンロ(2口) / 家電付(一部) / 小窓(出窓) / 防犯シャッター / バルコニー / 専用庭 / シューズケース / WINクローゼット / インターフォン（TVモニター付) / ダブルロックキー / 防犯ディンプルキー / エアコン,CATV / BS・CSアンテナ / インターネット(Wi-Fi対応) / 宅配BOX / 駐輪場(原付可)
カレッジハイツ岡山,https://unilife.co.jp/view/1189,3万円 ～ 3.65万円,岡山県岡山市北区津倉町2丁目10-12,"中鉄バス「津倉町」停徒歩4分
ＪＲ山陽本線「岡山」駅 徒歩19分
ＪＲ吉備線「備前三門」駅 徒歩13分",1.3 km,2.0 km,1K／19m²／6帖,セパレート（バス・トイレ） / 洗濯機置場(室外) / 温水洗浄便座 / ガスコンロ(持込) / フリーシンク(洗面) / 家電付(一部) / 冷蔵庫（２ドア） / 居室照明器具 / 電子レンジ / フローリング / バルコニー / 収納 / エアコン / 個別給湯（ガス）,プロパンガス / UniLife-net光(J-FLASH) Wi-Fi対応 / インターネット対応（無料） / 防犯カメラ / 駐輪場(原付可)
コーディアルフォレスト,https://unilife.co.jp/view/11823,4.95万円 ～ 5.9万円,岡山県岡山市北区南方5丁目7-20,"岡電バス「スポーツセンター前」停徒歩3分
ＪＲ津山線「法界院」駅 徒歩13分
ＪＲ山陽本線「岡山」駅 自転車7分(約1.7km)",1.6 km,2.4 km,1K／28.1m²～30.3m²／10帖,セパレート（バス・トイレ） / 独立洗面化粧台 / 洗濯機置場(室内) / 温水洗浄便座 / 浴室乾燥機 / IHコンロ(2口) / バルコニー / 収納 / インターフォン（TVモニター付) / 暗証番号式キー / エアコン,BSアンテナ / CSアンテナ / インターネット対応（無料） / オートロック / 防犯カメラ / 宅配BOX / 自動販売機 / 駐輪場(原付可)
アプリコット,https://unilife.co.jp/view/12168,5.25万円 ～ 5.75万円,岡山県岡山市北区南方5丁目8-15-11,ＪＲ津山線「法界院」駅 徒歩14分,1.7 km,2.5 km,27m²／8帖,セパレート（バス・トイレ） / 独立洗面化粧台 / 洗濯機置場(室内) / 浴室乾燥機 / 温水洗浄便座 / IHコンロ(2口) / 居室照明器具 / バルコニー / フローリング / 防犯シャッター / 吊棚 / 収納 / シューズケース / インターフォン（TVモニター付) / 防犯ディンプルキー / エアコン,プロパンガス / BSアンテナ / インターネット対応（無料） / オートロック / 防犯カメラ / 宅配BOX / 駐輪場(原付可)
BAYER津島東,https://unilife.co.jp/view/12346,5.35万円 ～ 5.65万円,岡山県岡山市北区津島東2丁目5-,ＪＲ津山線「法界院」駅 徒歩7分,3.1 km,3.0 km,1K／27m²／8帖,独立洗面化粧台 / セパレート（バス・トイレ） / 洗濯機置場(室内) / 浴室乾燥機 / 温水洗浄便座 / IHコンロ(2口) / 居室照明器具 / バルコニー / フローリング / 防犯シャッター / シューズケース / 吊棚 / 収納 / インターフォン（TVモニター付) / 防犯ディンプルキー / エアコン / 個別給湯（ガス）,プロパンガス / BSアンテナ / インターネット対応（無料） / オートロック / 防犯カメラ / 宅配BOX / 駐輪場(原付可)
MAINZ津島東,https://unilife.co.jp/view/12364,5.35万円 ～ 5.65万円,岡山県岡山市北区津島東1丁目,ＪＲ津山線「法界院」駅 徒歩7分,2.8 km,2.9 km,1K／27m²／8帖,独立洗面化粧台 / セパレート（バス・トイレ） / 洗濯機置場(室内) / 浴室乾燥機 / 温水洗浄便座 / IHコンロ(2口) / 居室照明器具 / 防犯シャッター / フローリング / 吊棚 / 収納 / シューズケース / インターフォン（TVモニター付) / 防犯ディンプルキー / エアコン / 個別給湯（ガス）,プロパンガス / BSアンテナ / インターネット対応（無料） / オートロック / 防犯カメラ / 宅配BOX / 駐輪場(原付可)
Y・N・G西坂Ⅵ,https://unilife.co.jp/view/10538,5.9万円 ～ 6万円,岡山県岡山市北区津島西坂2丁目6-24,"岡電バス「明誠学院前」停徒歩5分
ＪＲ津山線「法界院」駅 自転車11分(約2.5km)",3.0 km,500 m,1DK／43.06m²／15帖,セパレート（バス・トイレ） / 洗濯機置場(室内) / 温水洗浄便座 / IHコンロ(1口) / システムキッチン / 居室照明器具 / フローリング / 収納 / シューズケース / インターフォン（TVモニター付) / エアコン / オール電化(ガス無し),BSアンテナ / CSアンテナ / インターネット対応 / 駐輪場(原付可) / 駐車場(任意)
ベルハイム津島Ⅱ号館,https://unilife.co.jp/view/12234,4.65万円 ～ 4.95万円,岡山県岡山市北区津島西坂2丁目4-31,"岡電バス「明誠学院前」停徒歩3分
ＪＲ津山線「法界院」駅 自転車10分(約2.4km)",2.8 km,500 m,1R～1K／28.8m²／9帖～12帖,セパレート（バス・トイレ） / 独立洗面化粧台 / 洗濯機 / 洗濯機置場(室内) / 温水洗浄便座 / IHコンロ(2口) / 家電付 / 冷蔵庫（２ドア） / 居室照明器具 / 電子レンジ / ベッド / バルコニー / フローリング / 収納 / シューズケース / インターフォン（TVモニター付) / 防犯ディンプルキー / エアコン / 個別給湯（ガス）,BSアンテナ / インターネット対応（無料） / 防犯カメラ / 宅配BOX / 駐輪場(原付可) / 駐車場(任意)
ネクスト津高A・B,https://unilife.co.jp/view/10379,3.5万円 ～ 3.95万円,岡山県岡山市北区津高188-1,"岡電バス「笹が瀬」停徒歩4分
ＪＲ吉備線「備前三門」駅 自転車13分(約3.0km)",3.8 km,900 m,1K／23m²／8帖,セパレート（バス・トイレ） / 洗濯機置場(室内) / 温水洗浄便座 / 浴室乾燥機 / ガスコンロ(持込) / ガスコンロ(2口) / 家電付(一部) / 居室照明器具 / フローリング / バルコニー / 収納 / シューズケース / インターフォン（TVモニター付) / エアコン / 個別給湯（ガス）,プロパンガス / BSアンテナ / インターネット対応 / フロント手動ロック / 駐輪場(原付可)
ウイング,https://unilife.co.jp/view/10539,3.6万円 ～ 3.8万円,岡山県岡山市北区谷万成2丁目6-21,"中鉄バス「楢津口」停徒歩2分
ＪＲ吉備線「備前三門」駅 徒歩18分",3.0 km,1.2 km,1K／27m²／9帖,セパレート（バス・トイレ） / 洗濯機置場(室内) / 浴室乾燥機 / 温水洗浄便座 / ガスコンロ(1口) / 家具付 / 家電付 / 冷蔵庫（２ドア） / 居室照明器具 / 電子レンジ / フローリング / バルコニー / 収納 / シューズケース / 防犯ディンプルキー / エアコン / 個別給湯（ガス）,プロパンガス / CATV / インターネット対応 / 駐輪場(原付可) / 駐車場(任意)
アーバンテラス津島福居,https://unilife.co.jp/view/11323,5.1万円 ～ 5.35万円,岡山県岡山市北区津島福居1丁目4-12,"岡電バス「妙善寺」停 徒歩1分
ＪＲ津山線「法界院」駅 自転車8分(約1.8km)",2.8 km,1.2 km,1K／24.73m²／7.6帖,独立洗面化粧台 / セパレート（バス・トイレ） / 洗濯機置場(室内) / 温水洗浄便座 / IHコンロ(1口) / 居室照明器具 / バルコニー / 収納 / シューズケース / インターフォン（TVモニター付) / 防犯ディンプルキー / エアコン,BSアンテナ / インターネット対応 / 駐輪場(原付可) / 駐車場(任意)
カナンハイツ津高,https://unilife.co.jp/view/1212,3.4万円 ～ 3.9万円,岡山県岡山市北区津高631-7,"岡電バス「中原」停 徒歩3分
ＪＲ津山線「法界院」駅 自転車16分(約3.7km)",4.6 km,1.7 km,1K／22m²～24m²／7帖～8帖,セパレート（バス・トイレ） / 洗濯機置場(室内) / 温水洗浄便座 / ガスコンロ(1口) / 家電付(一部) / 居室照明器具 / フローリング / バルコニー / 収納 / インターフォン（TVモニター付) / 防犯ディンプルキー / エアコン / 個別給湯（ガス）,プロパンガス / CATV / インターネット対応（無料） / 駐輪場(原付可) / 駐車場(任意)
重康第二コーポ,https://unilife.co.jp/view/10195,3.3万円,岡山県岡山市北区伊福町3丁目20-26,"岡電バス「岡工前」停徒歩4分
ＪＲ山陽本線「岡山」駅 徒歩15分",1.2 km,1.9 km,1DK／28.28m²／12.5帖,セパレート（バス・トイレ） / 洗濯機置場(室外) / 温水洗浄便座 / ガスコンロ(持込) / 居室照明器具 / フローリング / 収納 / エアコン,BSアンテナ / CSアンテナ / CATV / インターネット対応 / 駐車場(任意) / 駐輪場(原付可)
サンフローラ津島A・B,https://unilife.co.jp/view/10828,5万円 ～ 5.35万円,岡山県岡山市北区津島新野2丁目6-8,"岡電バス「新野」停徒歩8分
ＪＲ津山線「法界院」駅 徒歩18分",2.3 km,1.6 km,1K／31m²／10.1帖,セパレート（バス・トイレ） / 独立洗面化粧台 / 洗濯機置場(室内) / 温水洗浄便座 / 浴室乾燥機 / ガスコンロ(2口) / バルコニー / フローリング / 吊棚 / 収納 / シューズケース / インターフォン（TVモニター付) / 防犯ディンプルキー / エアコン / 個別給湯（ガス）,プロパンガス / BSアンテナ / インターネット(Wi-Fi対応) / 宅配BOX / 駐輪場(原付可)
ベルセゾン,https://unilife.co.jp/view/11358,3.9万円 ～ 4.3万円,岡山県岡山市北区津島福居2丁目14-1,"岡電バス「福居2丁目」停徒歩2分
ＪＲ津山線「法界院」駅 自転車8分(約1.8km)
ＪＲ山陽本線「岡山」駅 自転車14分(約3.4km)",3.3 km,2.1 km,1K／28.24m²／8帖,セパレート（バス・トイレ） / 洗濯機置場(室内) / 温水洗浄便座 / ガスコンロ(1口) / バルコニー / 収納 / インターフォン（TVモニター付) / エアコン,インターネット対応（無料） / 駐輪場(原付可)
プレジィール大和町,https://unilife.co.jp/view/1193,4.5万円 ～ 4.85万円,岡山県岡山市北区大和町1丁目9-20,"岡電バス「大和町」停徒歩2分
ＪＲ津山線「法界院」駅 徒歩12分",1.9 km,2.7 km,1K／23.1m²～27.3m²／8帖～10帖,セパレート（バス・トイレ） / 洗濯機置場(室内) / 温水洗浄便座 / ガスコンロ(持込) / 家電付(一部) / 居室照明器具 / バルコニー / シューズケース / インターフォン / エアコン,プロパンガス / BSアンテナ / インターネット対応 / オートロック / 駐輪場(原付可)
Y・N・G西坂Ⅰ,https://unilife.co.jp/view/10285,5.9万円 ～ 6.1万円,岡山県岡山市北区津島西坂3丁目4-14,"岡電バス「明誠学院前」停徒歩4分
ＪＲ津山線「法界院」駅 自転車11分(約2.6km)
ＪＲ吉備線「備前三門」駅 自転車11分(約2.6km)
ＪＲ山陽本線「岡山」駅 自転車14分(約3.2km)",3.0 km,500 m,3LDK／65m²／32帖,セパレート（バス・トイレ） / 洗濯機置場(室内) / 温水洗浄便座 / ガスコンロ(持込) / ガスコンロ(1口) / バルコニー / 収納 / インターフォン（TVモニター付) / エアコン,駐車場(任意) / 駐輪場(原付可)
ベルハイム津島Ⅲ号館,https://unilife.co.jp/view/12235,4.95万円 ～ 5.3万円,岡山県岡山市北区津島西坂2丁目4-17,"岡電バス「明誠学院前」停徒歩3分
ＪＲ津山線「法界院」駅 自転車10分(約2.3km)",2.8 km,500 m,1R／32.6m²／18.3帖,セパレート（バス・トイレ） / 独立洗面化粧台 / 洗濯機 / 洗濯機置場(室内) / 温水洗浄便座 / RHコンロ(2口) / 家電付 / 冷蔵庫（２ドア） / 居室照明器具 / 電子レンジ / ベッド / バルコニー / フローリング / 収納 / シューズケース / インターフォン（TVモニター付) / 防犯ディンプルキー / エアコン / 個別給湯（ガス）,BSアンテナ / インターネット対応（無料） / 防犯カメラ / 宅配BOX / 駐車場(任意) / 駐輪場(原付可)
YS-36,https://unilife.co.jp/view/924371,5.7万円 ～ 6.2万円,岡山県岡山市北区津島新野1丁目7-,岡電バス「新野」 停徒歩2分,2.2 km,1.8 km,1K／23.92m²～27.01m²,セパレート（バス・トイレ） / 独立洗面化粧台 / 洗濯機置場(室内) / 浴室乾燥機 / 追焚き機能付バス / 温水洗浄便座 / ガスコンロ(2口) / 居室照明器具 / バルコニー / フローリング / 防犯シャッター / シューズケース / 床下収納 / 収納 / インターフォン（TVモニター付) / 暗証番号式キー / エアコン,インターネット対応（無料） / オートロック / 防犯カメラ / 宅配BOX / 駐輪場
ラポール津島,https://unilife.co.jp/view/10727,3.8万円 ～ 4.4万円,岡山県岡山市北区津島西坂2丁目4-8,"岡電バス「明誠学院前」停徒歩1分
ＪＲ吉備線「備前三門」駅 自転車10分(約2.4km)",2.7 km,450 m,1K／17.82m²～27.8m²／6帖～9.7帖,セパレート（バス・トイレ） / 洗濯機置場(室内) / 温水洗浄便座 / IHコンロ(1口) / フローリング / バルコニー / 収納 / インターフォン（TVモニター付) / 防犯ディンプルキー / エアコン / 個別給湯（ガス）,プロパンガス / BSアンテナ / インターネット対応（無料） / 駐輪場(原付可)
ハイコーポイシマ,https://unilife.co.jp/view/10386,2.9万円 ～ 3.4万円,岡山県岡山市北区伊島町3丁目2-12,"岡電バス「伊島町2丁目」停徒歩6分
ＪＲ吉備線「備前三門」駅 自転車9分(約2.2km)",2.2 km,1.2 km,1K／25m²／10帖,独立洗面化粧台 / セパレート（バス・トイレ） / 洗濯機置場(室内) / 暖房便座 / 浴室乾燥機 / ガスコンロ(持込) / 家電付(一部) / 居室照明器具 / フローリング / 収納 / インターフォン / エアコン / 個別給湯（ガス）,都市ガス / BSアンテナ / CSアンテナ / インターネット(Wi-Fi対応) / インターネット対応（無料） / 駐輪場(原付可)
サンパレス津島本町,https://unilife.co.jp/view/10623,4.9万円 ～ 5.35万円,岡山県岡山市北区津島本町2-27-2,"岡電バス「妙善寺」停徒歩6分
ＪＲ津山線「法界院」駅 自転車9分(約2.2km)",2.8 km,1.0 km,1R／30.1m²～30.78m²／11.6帖～12.1帖,セパレート（バス・トイレ） / 独立洗面化粧台 / 洗濯機置場(室内) / 温水洗浄便座 / 浴室乾燥機 / ガスコンロ(2口) / システムキッチン / 小窓(出窓) / バルコニー / 収納 / シューズケース / インターフォン（TVモニター付) / カードキー / エアコン,BSアンテナ / インターネット対応（無料） / オートロック / 駐輪場(原付可)
ユーホニア,https://unilife.co.jp/view/10593,4.4万円 ～ 5万円,岡山県岡山市北区津島新野2丁目2-1,"岡電バス「新野」停徒歩1分
ＪＲ津山線「法界院」駅 徒歩18分",2.0 km,1.5 km,1K／22.6m²～25.57m²／8帖～8.5帖,セパレート（バス・トイレ） / 洗濯機置場(室内) / ガスコンロ(1口) / フローリング / バルコニー / 収納 / シューズケース / インターフォン（TVモニター付) / ダブルロックキー / エアコン,CATV / インターネット対応（無料） / オートロック / 駐輪場(原付可)
ウィンライフ津島Ⅱ,https://unilife.co.jp/view/1181,4.95万円 ～ 5.55万円,岡山県岡山市北区津島福居2丁目12-31,"岡電バス「福居２丁目」停徒歩1分
ＪＲ津山線「法界院」駅 自転車8分(約1.8km)",3.1 km,2.0 km,1K～1DK／29.2m²～32.3m²／10帖～14.5帖,セパレート（バス・トイレ） / 洗濯機置場(室内) / 温水洗浄便座 / 浴室乾燥機 / ガスコンロ(持込) / フローリング / バルコニー / 収納 / シューズケース / インターフォン（TVモニター付) / エアコン,CATV / インターネット対応 / 駐車場(任意) / 駐輪場(原付可)
ピアカタヤマⅠ,https://unilife.co.jp/view/10246,3.9万円 ～ 4.3万円,岡山県岡山市北区学南町2丁目5-19,"岡電バス「岡山大学筋」停徒歩3分
ＪＲ津山線「法界院」駅 徒歩10分",2.1 km,2.0 km,1K／18.36m²／6帖,セパレート（バス・トイレ） / 洗濯機置場(室内) / IHコンロ(1口) / フローリング / バルコニー / 収納 / エアコン,BSアンテナ / インターネット対応 / 駐車場(任意)
ピアカタヤマⅡ,https://unilife.co.jp/view/10247,4.6万円 ～ 4.8万円,岡山県岡山市北区学南町2丁目5-19,"岡電バス「岡山大学筋」停徒歩3分
ＪＲ津山線「法界院」駅 徒歩10分",2.1 km,2.0 km,1K／24.7m²／7.8帖,セパレート（バス・トイレ） / 洗濯機置場(室内) / ガスコンロ(持込) / フローリング / シューズケース / 収納 / インターフォン / エアコン,インターネット対応 / 駐車場(任意)
NEXTAGE,https://unilife.co.jp/view/10432,4.5万円 ～ 5万円,岡山県岡山市北区学南町2丁目6-69,"岡電バス「岡山大学筋」停徒歩2分
ＪＲ津山線「法界院」駅 徒歩10分",2.0 km,1.9 km,1K／22.8m²／7.5帖,独立洗面化粧台 / セパレート（バス・トイレ） / 洗濯機置場(室内) / 温水洗浄便座 / IHコンロ(1口) / 居室照明器具 / バルコニー / フローリング / シューズケース / 収納 / インターフォン（TVモニター付) / 防犯ディンプルキー / エアコン / 個別給湯（ガス）,都市ガス / BSアンテナ / CSアンテナ / インターネット(Wi-Fi対応) / オートロック / 防犯カメラ / 自動販売機 / 駐輪場(原付可)
エスポアール津島,https://unilife.co.jp/view/10520,4.95万円 ～ 5.9万円,岡山県岡山市北区津島新野1丁目7-14,"岡電バス「新野」停徒歩3分
ＪＲ津山線「法界院」駅 徒歩15分",2.1 km,1.8 km,1K／29.58m²／10.2帖,独立洗面化粧台 / セパレート（バス・トイレ） / 洗濯機置場(室内) / 浴室乾燥機 / 温水洗浄便座 / IH+RHコンロ(2口) / 玄関センサー感知ライト / 居室照明器具 / フローリング / 吊棚 / 収納 / シューズケース / インターフォン（TVモニター付) / 防犯ディンプルキー / エアコン / オール電化(ガス無し),BSアンテナ / CSアンテナ / インターネット対応 / オートロック / 宅配BOX / 浄水器設置(共用) / 駐車場(任意) / 駐輪場(原付可)
第2熊谷ビル,https://unilife.co.jp/view/11094,3.65万円 ～ 4.35万円,岡山県岡山市北区津島新野1丁目5-1,"岡電バス「岡山大学筋」停徒歩2分
ＪＲ津山線「法界院」駅 徒歩12分",2.0 km,1.9 km,1K／21.29m²～25m²／6帖～8帖,セパレート（バス・トイレ） / 温水洗浄便座 / ガスコンロ(2口) / フローリング / バルコニー / 収納 / インターフォン（TVモニター付) / エアコン / 個別給湯（ガス）,インターネット対応（無料） / 駐輪場(原付可)
ウィンライフ津島Ⅰ,https://unilife.co.jp/view/1180,4.45万円 ～ 4.75万円,岡山県岡山市北区津島福居2丁目12-30,"岡電バス「福居２丁目」停徒歩1分
ＪＲ津山線「法界院」駅 自転車8分(約1.8km)",3.2 km,2.1 km,1K／24.7m²／8帖,セパレート（バス・トイレ） / 独立洗面化粧台 / 洗濯機置場(室内) / 温水洗浄便座 / ガスコンロ(持込) / 家電付(一部) / フローリング / バルコニー / 収納 / シューズケース / インターフォン / エアコン,BS・CSアンテナ / CATV / インターネット対応 / 駐車場(任意) / 駐輪場(原付可)
フレシャトー津島,https://unilife.co.jp/view/10146,4.8万円 ～ 5.55万円,岡山県岡山市北区津島福居1丁目8-57,"岡電バス「福居1丁目」停徒歩3分
ＪＲ津山線「法界院」駅 自転車8分(約1.8km)",3.1 km,1.8 km,1DK／30.17m²／13.7帖,セパレート（バス・トイレ） / 独立洗面化粧台 / 洗濯機置場(室内) / 温水洗浄便座 / IH+RHコンロ(2口) / 玄関センサー感知ライト / 居室照明器具 / バルコニー / 収納 / シューズケース / 吊棚 / インターフォン（TVモニター付) / 暗証番号式キー / エアコン,BS・CSアンテナ / インターネット(Wi-Fi対応) / オートロック / 防犯カメラ / 浄水器設置(共用) / 宅配BOX / 駐車場(任意) / 駐輪場(原付可)
LAGOM,https://unilife.co.jp/view/10157,"4.75万円 ～ 5.9万円
（1LDKタイプ：6.0万円～6.5万円）",岡山県岡山市北区学南町2丁目6-24-2,"岡電バス「岡大入口」 徒歩2分
ＪＲ津山線「法界院」駅 徒歩10分",2.1 km,2.0 km,1K～1LDK／27.3m²～35.2m²／9.2帖～14.5帖,セパレート（バス・トイレ） / 独立洗面化粧台 / 洗濯機置場(室内) / 温水洗浄便座 / RHコンロ(2口) / 玄関センサー感知ライト / 居室照明器具 / バルコニー / フローリング / 収納 / シューズケース / 暗証番号式キー / エアコン,プロパンガス / BSアンテナ / CSアンテナ / インターネット(Wi-Fi対応) / オートロック / 防犯カメラ / 宅配BOX / 浄水器設置(共用) / 駐輪場(原付可)
重康第一コーポ,https://unilife.co.jp/view/10194,2.8万円 ～ 3.1万円,岡山県岡山市北区伊福町3丁目18-20,"岡電バス「岡工前」停徒歩4分
ＪＲ山陽本線「岡山」駅 徒歩15分
ＪＲ津山線「岡山」駅 徒歩15分",1.1 km,2.0 km,1K／26.5m²／6.5帖～7帖,セパレート（バス・トイレ） / 洗濯機置場(室外) / 温水洗浄便座 / ガスコンロ(持込) / 居室照明器具 / フローリング / バルコニー / 収納 / エアコン,BSアンテナ / CSアンテナ / CATV / インターネット対応 / 駐輪場(原付可)
ラピスラズリー88,https://unilife.co.jp/view/10196,4.2万円 ～ 4.9万円,岡山県岡山市北区伊福町3丁目21-6,"岡電バス「岡工前」停徒歩3分
ＪＲ山陽本線「岡山」駅 徒歩15分
ＪＲ津山線「岡山」駅 徒歩15分
ＪＲ吉備線「岡山」駅 徒歩15分",1.2 km,2.0 km,1K／25.2m²～30.24m²／8帖～12帖,セパレート（バス・トイレ） / 洗濯機置場(室内) / 温水洗浄便座 / ガスコンロ(持込) / 居室照明器具 / フローリング / バルコニー / 収納 / シューズケース / エアコン,インターネット対応 / オートロック / フロント手動ロック / 駐車場(任意) / 駐輪場(原付可)
メゾン・ド・ジュネス,https://unilife.co.jp/view/11124,3.3万円 ～ 3.7万円,岡山県岡山市北区津倉町2丁目9-22,"中鉄バス「津倉町」停徒歩4分
ＪＲ吉備線「備前三門」駅 徒歩12分
ＪＲ山陽本線「岡山」駅 徒歩18分
ＪＲ津山線「岡山」駅 徒歩18分",1.4 km,2.1 km,1K／20.38m²～23.69m²／6帖～7帖,セパレート（バス・トイレ） / 洗濯機置場(室内) / 浴室乾燥機 / 温水洗浄便座 / IHコンロ(1口) / 家電付(一部) / 居室照明器具 / フローリング / バルコニー / 収納 / インターフォン（TVモニター付) / エアコン,インターネット対応（無料） / 駐車場(任意) / 駐輪場(原付可)
アーバンテラス学南町,https://unilife.co.jp/view/11606,5.75万円 ～ 6.2万円,岡山県岡山市北区学南町2丁目9-29-2,ＪＲ津山線「法界院」駅 徒歩9分,2.3 km,2.2 km,1K／30m²,独立洗面化粧台 / セパレート（バス・トイレ） / 洗濯機置場(室内) / 温水洗浄便座 / IHコンロ(2口) / 居室照明器具 / バルコニー / フローリング / WINクローゼット / インターフォン（TVモニター付) / 防犯ディンプルキー / エアコン / 個別給湯（ガス）,プロパンガス / BSアンテナ / CSアンテナ / インターネット対応（無料） / オートロック / 防犯カメラ / 宅配BOX / 駐輪場(原付可)
St.LEONE 伊福町,https://unilife.co.jp/view/11607,5万円 ～ 5.6万円,岡山県岡山市北区伊福町3丁目14-9,"岡電・中鉄バス「岡工口」停徒歩3分
ＪＲ山陽本線「岡山」駅 徒歩13分",1.0 km,2.1 km,1K／26.06m²～27.4m²／8帖,セパレート（バス・トイレ） / 独立洗面化粧台 / 洗濯機置場(室内) / 浴室乾燥機 / 温水洗浄便座 / ガスコンロ(2口) / 居室照明器具 / バルコニー / シューズケース / 収納 / インターフォン（TVモニター付) / 防犯ディンプルキー / エアコン / 個別給湯（ガス）,プロパンガス / CATV / BS・CSアンテナ / インターネット対応（無料） / オートロック / 防犯カメラ / 宅配BOX / 自動販売機 / 駐輪場
St.LEONE 津倉町,https://unilife.co.jp/view/11611,4.8万円 ～ 5.25万円,岡山県岡山市北区津倉町2丁目10-11,"中鉄バス「津倉町」停徒歩4分
ＪＲ山陽本線「岡山」駅 自転車7分(約1.7km)",1.4 km,2.0 km,1K／26.87m²～29.27m²／8帖,セパレート（バス・トイレ） / 洗濯機置場(室内) / 温水洗浄便座 / 浴室乾燥機 / ガスコンロ(2口) / バルコニー / フローリング / 収納 / インターフォン（TVモニター付) / 防犯ディンプルキー / エアコン,BSアンテナ / CSアンテナ / インターネット対応（無料） / オートロック / 防犯カメラ / 宅配BOX / 駐輪場
ジュピター・K2,https://unilife.co.jp/view/1136,4.85万円 ～ 5.35万円,岡山県岡山市北区学南町2丁目13-23,"岡電バス「岡山大学筋」 徒歩6分
ＪＲ津山線「法界院」駅 徒歩4分",2.5 km,2.4 km,1K／24m²／8帖,セパレート（バス・トイレ） / 洗濯機 / 洗濯機置場(室内) / 温水洗浄便座 / ガスコンロ(1口) / 家具家電付 / 冷蔵庫（２ドア） / 居室照明器具 / 電子レンジ / ベッド / バルコニー / フローリング / 収納 / シューズケース / インターフォン / エアコン / 個別給湯（ガス）,プロパンガス / BSアンテナ / CSアンテナ / インターネット(Wi-Fi対応) / オートロック / 防犯カメラ（ユニセーフ24仕様） / 宅配BOX / 自動販売機 / 駐車場(任意) / 駐輪場(原付可)
NEXTAGE伊福,https://unilife.co.jp/view/1363,4.75万円 ～ 5.65万円,岡山県岡山市北区伊福町2丁目17-37,"岡電バス「清心町」停徒歩3分
ＪＲ山陽本線「岡山」駅 徒歩10分
ＪＲ津山線「岡山」駅 徒歩10分
ＪＲ吉備線「岡山」駅 徒歩10分",900 m,2.3 km,1K／27.2m²／10帖,独立洗面化粧台 / セパレート（バス・トイレ） / 洗濯機置場(室内) / 浴室乾燥機 / 温水洗浄便座 / IH+RHコンロ(2口) / システムキッチン / 家具家電付(一部) / 居室照明器具 / バルコニー / フローリング / シューズケース / 吊棚 / 収納 / インターフォン（TVモニター付) / 暗証番号式キー / エアコン,BSアンテナ / CSアンテナ / インターネット(Wi-Fi対応) / オートロック / 防犯カメラ / 防犯カメラシステム / 宅配BOX / 浄水器設置(共用) / 駐輪場(原付可)
エスパースSO,https://unilife.co.jp/view/1409,4.9万円 ～ 5.2万円,岡山県岡山市北区学南町2丁目5-67-3,"岡電バス「岡山大学筋」停徒歩5分
ＪＲ津山線「法界院」駅 徒歩7分",2.1 km,2.2 km,1K／24.5m²／8帖,セパレート（バス・トイレ） / 洗濯機置場(室内) / 温水洗浄便座 / 追焚き機能付バス / ガスコンロ(1口) / 電気コンロ / フローリング / バルコニー / 収納 / シューズケース / インターフォン / エアコン,インターネット対応 / オートロック / 駐輪場(原付可) / 駐車場(任意)
メディアコムプランタン,https://unilife.co.jp/view/10348,3.9万円 ～ 4.5万円,岡山県岡山市北区伊福町2丁目17-38,"岡電バス「清心町」停徒歩4分
ＪＲ山陽本線「岡山」駅 徒歩12分
ＪＲ津山線「岡山」駅 徒歩12分
ＪＲ吉備線「岡山」駅 徒歩12分",900 m,2.3 km,1K／24.5m²／7.5帖,セパレート（バス・トイレ） / 洗濯機置場(室内) / 温水洗浄便座 / ガスコンロ(1口) / 居室照明器具 / フローリング / バルコニー / 収納 / シューズケース / インターフォン / エアコン,BSアンテナ / インターネット対応（無料） / オートロック / 駐輪場(原付可)
デューク伊福町,https://unilife.co.jp/view/10375,3.35万円 ～ 4.4万円,岡山県岡山市北区伊福町3丁目14-8-1,"岡電バス「岡工口」停徒歩3分
ＪＲ山陽本線「岡山」駅 徒歩13分
ＪＲ津山線「岡山」駅 徒歩13分
ＪＲ吉備線「岡山」駅 徒歩13分",1.0 km,2.2 km,1K／20m²～22m²／7.5帖,ユニットバス / セパレート（バス・トイレ） / 洗濯機置場(室内) / ガスコンロ(2口) / 家具家電付(一部) / 居室照明器具 / フローリング / バルコニー / 収納 / シューズケース / インターフォン / エアコン,CATV / インターネット(Wi-Fi対応) / オートロック / 防犯カメラ / 宅配BOX / 駐輪場(原付可)
ワイスリー学南,https://unilife.co.jp/view/10521,4.85万円 ～ 5.75万円,岡山県岡山市北区学南町1丁目1-1,"岡電バス「スポーツセンター前」停徒歩2分
ＪＲ山陽本線「岡山」駅 自転車8分(約1.8km)
ＪＲ津山線「法界院」駅 徒歩13分",1.4 km,2.2 km,1K～1LDK／27.91m²～31.2m²／9帖～12.5帖,独立洗面化粧台 / セパレート（バス・トイレ） / 洗濯機置場(室内) / 浴室乾燥機 / 温水洗浄便座 / ガスコンロ(3口) / システムキッチン / 居室照明器具 / 玄関センサー感知ライト / バルコニー / フローリング / 収納 / シューズケース / 吊棚 / インターフォン（TVモニター付) / 防犯ディンプルキー / エアコン / 個別給湯（ガス）,プロパンガス / BSアンテナ / CSアンテナ / インターネット(Wi-Fi対応) / オートロック / 防犯カメラ / 宅配BOX / 駐輪場(原付可)
トゥレ・カーサ伊福町,https://unilife.co.jp/view/10557,3.65万円 ～ 4.3万円,岡山県岡山市北区伊福町3丁目14-8-2,"岡電バス「岡工口」停徒歩3分
ＪＲ山陽本線「岡山」駅 徒歩13分
ＪＲ津山線「岡山」駅 徒歩13分
ＪＲ吉備線「岡山」駅 徒歩13分",1.0 km,2.2 km,1K／21.33m²／7.5帖,セパレート（バス・トイレ） / 洗濯機置場(室内) / 暖房便座 / IHコンロ(1口) / フローリング / バルコニー / 収納 / シューズケース / インターフォン / エアコン,CATV / インターネット対応 / オートロック / 防犯カメラ / 駐輪場(原付可)
クレストTO,https://unilife.co.jp/view/10807,5.2万円 ～ 5.9万円,岡山県岡山市北区学南町2丁目13-21,"岡電バス「岡山大学筋」停徒歩6分
ＪＲ津山線「法界院」駅 徒歩4分",2.5 km,2.4 km,1K／33m²～35.78m²／10.8帖,セパレート（バス・トイレ） / 洗濯機置場(室内) / 温水洗浄便座 / IHコンロ(2口) / システムキッチン / バルコニー / フローリング / 収納 / シューズケース / インターフォン（TVモニター付) / 防犯ディンプルキー / エアコン,BSアンテナ / インターネット対応 / オートロック / 防犯カメラ / 駐輪場(原付可) / 駐車場(任意)
エステートタケタニ,https://unilife.co.jp/view/11174,3万円 ～ 3.4万円,岡山県岡山市北区南方5丁目10-6,"岡電バス「スポーツセンター前」停徒歩3分
ＪＲ山陽本線「岡山」駅 徒歩17分
ＪＲ津山線「法界院」駅 徒歩17分",1.3 km,2.5 km,1R～3DK／17.54m²～21.32m²／7帖～8帖,ユニットバス / セパレート（バス・トイレ） / 洗濯機置場(室内) / 温水洗浄便座 / IHコンロ(1口) / 居室照明器具 / バルコニー / 収納 / シューズケース / インターフォン（TVモニター付) / エアコン,
シリウス・T,https://unilife.co.jp/view/11169,"5.4万円 ～ 5.65万円
（1LDKタイプ：6.8万円～7.3万円）",岡山県岡山市北区伊福町3丁目3-4,"岡電バス「伊福町1丁目」停徒歩1分
ＪＲ山陽本線「岡山」駅 徒歩10分",800 m,2.3 km,1K～1LDK／31.6m²～42.03m²／10.2帖～18.1帖,独立洗面化粧台 / セパレート（バス・トイレ） / 洗濯機置場(室内) / 温水洗浄便座 / IHコンロ(2口) / システムキッチン / バルコニー / フローリング / 収納 / インターフォン（TVモニター付) / 防犯ディンプルキー / エアコン / オール電化(ガス無し),BSアンテナ / CSアンテナ / インターネット対応 / オートロック / 防犯カメラ / 駐輪場(原付可)
Pal Grande学南町,https://unilife.co.jp/view/11227,4.85万円 ～ 6.25万円,岡山県岡山市北区学南町3丁目2-24,"岡電バス「岡山放送前」停　徒歩7分
ＪＲ津山線「法界院」駅 徒歩7分
ＪＲ山陽本線「岡山」駅 自転車9分(約2.0km)",2.1 km,2.3 km,1K／30.63m²～32.86m²／10帖,独立洗面化粧台 / セパレート（バス・トイレ） / 洗濯機置場(室内) / 温水洗浄便座 / 浴室乾燥機 / 追焚き機能付バス / IHコンロ(2口) / システムキッチン / 居室照明器具 / バルコニー / フローリング / 収納 / シューズケース / WINクローゼット(一部) / インターフォン（TVモニター付) / 暗証番号式キー / エアコン / 個別給湯（ガス）,プロパンガス / BSアンテナ / CSアンテナ / インターネット対応（無料） / オートロック / 防犯カメラ / 宅配BOX / 駐輪場(原付可) / 駐車場(任意)
パレハ学南町,https://unilife.co.jp/view/11415,4.95万円 ～ 5.65万円,岡山県岡山市北区学南町2丁目9-13,"岡電バス「岡大入口」 徒歩5分
ＪＲ津山線「法界院」駅 徒歩8分",2.3 km,2.3 km,1K／26m²～27.95m²／7.7帖～8.4帖,セパレート（バス・トイレ） / 洗濯機置場(室内) / 温水洗浄便座 / 浴室乾燥機 / 追焚き機能付バス / IHコンロ(2口) / 収納 / シューズケース / インターフォン（TVモニター付) / エアコン,BSアンテナ / インターネット対応 / オートロック / 防犯カメラ / 自動販売機 / 宅配BOX / 駐輪場(原付可)
Dortmund学南町,https://unilife.co.jp/view/11847,5.6万円 ～ 5.95万円,岡山県岡山市北区学南町1丁目9-24,"ＪＲ津山線「法界院」駅 徒歩11分
ＪＲ山陽本線「岡山」駅 自転車8分(約1.9km)",1.8 km,2.4 km,1K／27.3m²／9帖,セパレート（バス・トイレ） / 独立洗面化粧台 / 洗濯機置場(室内) / 追焚き機能付バス / 温水洗浄便座 / 浴室乾燥機 / IHコンロ(2口) / バルコニー / 収納 / シューズケース / インターフォン（TVモニター付) / エアコン,BSアンテナ / インターネット対応（無料） / オートロック / 防犯カメラ / 宅配BOX / 自動販売機 / 駐輪場(原付可) / 駐車場(任意)
The MODERN 学南町,https://unilife.co.jp/view/12023,5.7万円 ～ 6.2万円,岡山県岡山市北区学南町1丁目6-29-6,"ＪＲ津山線「法界院」駅 徒歩11分
ＪＲ山陽本線「岡山」駅 自転車7分(約1.7km)",1.7 km,2.3 km,1K／26.07m²～26.08m²／8帖,独立洗面化粧台 / セパレート（バス・トイレ） / 洗濯機置場(室内) / 浴室乾燥機 / 温水洗浄便座 / IHコンロ(2口) / 居室照明器具 / バルコニー / フローリング / シューズケース / 吊棚 / 収納 / インターフォン（TVモニター付) / エアコン / 個別給湯（ガス）,BSアンテナ / CSアンテナ / インターネット対応（無料） / オートロック / 防犯カメラ / 宅配BOX / 駐輪場(原付可)
Eminence,https://unilife.co.jp/view/12002,5.5万円 ～ 5.95万円,岡山県岡山市北区南方5丁目6-14,"ＪＲ山陽本線「岡山」駅 自転車7分(約1.7km)
ＪＲ津山線「法界院」駅 徒歩14分",1.5 km,2.3 km,1K／28.19m²／9.1帖,セパレート（バス・トイレ） / 洗濯機置場(室内) / 温水洗浄便座 / 浴室乾燥機 / IHコンロ(2口) / バルコニー / フローリング / 収納 / シューズケース / インターフォン（TVモニター付) / 防犯ディンプルキー / エアコン,BSアンテナ / CSアンテナ / インターネット対応（無料） / オートロック / 防犯カメラ / 宅配BOX / 駐輪場(原付可)
アーバンテラス奉還町,https://unilife.co.jp/view/12177,4.95万円 ～ 5.5万円,岡山県岡山市北区奉還町4丁目15-6,ＪＲ山陽本線「岡山」駅 徒歩13分,1.0 km,2.4 km,1K／29.6m²／9.5帖,セパレート（バス・トイレ） / 独立洗面化粧台 / 洗濯機置場(室内) / 温水洗浄便座 / 浴室乾燥機 / IHコンロ(2口) / 居室照明器具 / バルコニー / フローリング / 吊棚 / 収納 / シューズケース / インターフォン（TVモニター付) / エアコン,BSアンテナ / インターネット対応（無料） / オートロック / 防犯カメラ / 宅配BOX / 駐輪場(原付可)
アヴァンセ・ルピエ,https://unilife.co.jp/view/1264,5.3万円 ～ 5.7万円,岡山県岡山市北区学南町3丁目14-47,"岡電バス「法界院駅前」停 徒歩4分
ＪＲ津山線「法界院」駅 徒歩2分",2.6 km,2.6 km,1K／27.8m²／9.7帖,独立洗面化粧台 / セパレート（バス・トイレ） / 洗濯機置場(室内) / 温水洗浄便座 / RHコンロ(2口) / フローリング / 収納 / インターフォン（TVモニター付) / 暗証番号式キー / エアコン,BSアンテナ / CSアンテナ / インターネット対応 / オートロック / 防犯カメラ / 宅配BOX / 駐輪場(原付可)
セレッソ学南A・B棟,https://unilife.co.jp/view/1327,4.1万円 ～ 4.3万円,岡山県岡山市北区学南町3丁目4-21,"岡電バス「法界院駅前」停徒歩7分
ＪＲ津山線「法界院」駅 徒歩4分",2.3 km,2.5 km,1K／19m²／6帖,セパレート（バス・トイレ） / 洗濯機置場(室内) / 温水洗浄便座 / IHコンロ(1口) / 居室照明器具 / バルコニー / フローリング / 収納 / シューズケース / インターフォン / エアコン / 個別給湯（ガス）,プロパンガス / BSアンテナ / CSアンテナ / インターネット対応 / 駐輪場(原付可) / 駐車場(任意)
Asti Spumante,https://unilife.co.jp/view/1367,4.65万円 ～ 5.55万円,岡山県岡山市北区学南町3丁目9-28,"岡電バス「法界院駅前」停 徒歩3分
ＪＲ津山線「法界院」駅 徒歩2分",2.5 km,2.6 km,1K／22.19m²～26.68m²／6.6帖～8.8帖,独立洗面化粧台 / セパレート（バス・トイレ） / 洗濯機置場(室内) / 温水洗浄便座 / 浴室乾燥機(一部) / RHコンロ(2口) / 玄関センサー感知ライト / 居室照明器具 / バルコニー / フローリング / 収納 / シューズケース / 吊棚 / インターフォン（TVモニター付) / 暗証番号式キー / エアコン / 個別給湯（ガス）,都市ガス / BSアンテナ / CSアンテナ / インターネット(Wi-Fi対応) / オートロック / 防犯カメラ / 宅配BOX / 浄水器設置(共用) / 駐輪場(原付可)
シャトールピエ,https://unilife.co.jp/view/10380,3.9万円 ～ 4.3万円,岡山県岡山市北区学南町3丁目14-48,ＪＲ津山線「法界院」駅 徒歩3分,2.6 km,2.6 km,1K／22.29m²～25.48m²／6帖～7帖,セパレート（バス・トイレ） / 洗濯機置場(室内) / ガスコンロ(持込) / フローリング / バルコニー / 収納 / エアコン,BSアンテナ / CSアンテナ / インターネット対応
Mozambique,https://unilife.co.jp/view/11650,5.65万円 ～ 6.15万円,岡山県岡山市北区伊福町2丁目4-6,"岡電バス「伊福町1丁目」停徒歩2分
ＪＲ山陽本線「岡山」駅 徒歩10分",700 m,2.4 km,1K／25.6m²／8帖,独立洗面化粧台 / セパレート（バス・トイレ） / 洗濯機置場(室内) / 浴室乾燥機 / 温水洗浄便座 / IH+RHコンロ(2口) / 居室照明器具 / バルコニー / フローリング / シューズケース / WINクローゼット / インターフォン（TVモニター付) / 防犯ディンプルキー / エアコン / 個別給湯（ガス）,プロパンガス / BSアンテナ / UniLife-net光(FGBB) Wi-Fi対応 / インターネット対応（無料） / オートロック / 防犯カメラ / 宅配BOX / 駐輪場(原付可)
ウェーブレジデンス南方,https://unilife.co.jp/view/11306,4.7万円 ～ 5.2万円,岡山県岡山市北区南方3丁目3-40,"岡電・宇野バス「南方交番前」停　徒歩3分
ＪＲ山陽本線「岡山」駅 徒歩17分
ＪＲ津山線「法界院」駅 徒歩17分",1.4 km,2.8 km,1K／24.1m²／8帖,セパレート（バス・トイレ） / 独立洗面化粧台 / 洗濯機置場(室内) / 追焚き機能付バス / 温水洗浄便座 / ガスコンロ(2口) / ガスコンロ(1口) / 居室照明器具 / フローリング / バルコニー / 収納 / シューズケース / インターフォン（TVモニター付) / エアコン,BSアンテナ / インターネット対応（無料） / 防犯カメラ / 宅配BOX / 駐輪場(原付可)
The MODERN奉還町,https://unilife.co.jp/view/11735,5.8万円 ～ 6.6万円,岡山県岡山市北区奉還町2丁目10-18,"岡電バス「奉還町」停 徒歩5分
ＪＲ山陽本線「岡山」駅 徒歩8分",550 m,2.6 km,1K／28.9m²～30.5m²／8.8帖～9.8帖,独立洗面化粧台 / セパレート（バス・トイレ） / 洗濯機置場(室内) / 浴室乾燥機 / 温水洗浄便座 / IHコンロ(2口) / IHコンロ / 居室照明器具 / バルコニー / フローリング / 収納 / シューズケース / エアコン / 個別給湯（ガス）,BSアンテナ / CSアンテナ / インターネット対応（無料） / オートロック / 防犯カメラ / エレベーター / 宅配BOX / 駐輪場
St.LEONE津島東Ⅱ WEST・EAST,https://unilife.co.jp/view/12066,4.95万円 ～ 5.4万円,岡山県岡山市北区津島東2丁目1-8,ＪＲ津山線「法界院」駅 徒歩6分,3.0 km,2.8 km,1K／22.2m²／7帖,セパレート（バス・トイレ） / 独立洗面化粧台 / 温水洗浄便座 / IHコンロ(1口) / フローリング / 収納 / インターフォン（TVモニター付) / 防犯ディンプルキー / エアコン,BSアンテナ / CSアンテナ / インターネット対応（無料） / オートロック / 宅配BOX / 駐輪場(原付可) / 駐車場(任意)
レジディア岡山駅前,https://unilife.co.jp/view/1177,"4.95万円 ～ 5.6万円
（10Fグルニエタイプ：5.9万円～6.15万円）",岡山県岡山市北区寿町6-3,ＪＲ山陽本線「岡山」駅 徒歩6分,300 m,2.8 km,1DK／28.37m²／12.7帖,独立洗面化粧台 / セパレート（バス・トイレ） / 洗濯機置場(室内) / 浴室スチームサウナ / 浴室テレビ / 浴室音響システム / 温水洗浄便座 / 浴室乾燥機(一部) / RHコンロ(2口) / システムキッチン / 玄関センサー感知ライト / バルコニー / フローリング / 収納 / シューズケース / インターフォン（TVモニター付) / 暗証番号式キー / エアコン / 個別給湯（ガス）,都市ガス / BSアンテナ / CSアンテナ / インターネット(Wi-Fi対応) / オートロック / 防犯カメラ / 防犯カメラシステム / エレベーター（フロアセキュリティ付） / 浄水器設置(共用) / 宅配BOX / 駐車場(任意) / 駐輪場(原付可)
シティマンション鳳凰A・B,https://unilife.co.jp/view/1270,3.95万円 ～ 5.3万円,岡山県岡山市北区絵図町1-37,"岡電バス「スポーツセンター前」停徒歩1分
ＪＲ山陽本線「岡山」駅 徒歩14分
ＪＲ津山線「法界院」駅 徒歩18分
ＪＲ津山線「岡山」駅 徒歩14分",1.2 km,2.4 km,1R～1DK／20.4m²～30.2m²／7帖～13帖,セパレート（バス・トイレ） / 洗濯機置場(室内) / 温水洗浄便座 / IHコンロ(1口) / 居室照明器具 / バルコニー / フローリング / 収納 / シューズケース / エアコン,BSアンテナ / CSアンテナ / CATV / インターネット対応 / オートロック / 駐輪場(原付可)
Grand E’terna 岡山Ⅲ,https://unilife.co.jp/view/10152,"4.55万円 ～ 6.2万円
（1LDK・14Fグルニエ・トリプレットタイプ：5.8万円～6.95万円）",岡山県岡山市北区国体町1-10,"岡電バス「済生会病院前」停徒歩1分
ＪＲ山陽本線「岡山」駅 徒歩7分",600 m,2.7 km,1R～1LDK／22.56m²～51.96m²／9.1帖～15.3帖,独立洗面化粧台 / セパレート（バス・トイレ） / 洗濯機置場(室内) / 温水洗浄便座 / 浴室音響システム / 浴室テレビ / 浴室乾燥機(一部) / ガスコンロ(2口) / RHコンロ(2口) / システムキッチン / 家具家電付(一部) / 居室照明器具 / 玄関センサー感知ライト / バルコニー / フローリング / 吊棚 / 収納 / シューズケース / インターフォン（TVモニター付) / 暗証番号式キー / エアコン / 個別給湯（ガス）,都市ガス / BSアンテナ / CSアンテナ / UniLife-net光(J-FLASH) Wi-Fi対応 / インターネット(Wi-Fi対応) / オートロック / 防犯カメラシステム / 防犯カメラ（ユニセーフ24仕様） / エレベーター / エレベーター（フロアセキュリティ付） / 宅配BOX / 浄水器設置(共用) / 花粉除去エアシャワー / 駐輪場(原付可) / 駐車場(任意)
SECONDピアシティー南方,https://unilife.co.jp/view/12292,4.95万円 ～ 5.4万円,岡山県岡山市北区南方4丁目6-33,"岡電バス「スポーツセンター前」停徒歩6分
ＪＲ津山線「法界院」駅 徒歩13分
ＪＲ山陽本線「岡山」駅 徒歩18分",1.5 km,2.6 km,1K／31.5m²／11.2帖,セパレート（バス・トイレ） / 独立洗面化粧台 / 洗濯機置場(室内) / 温水洗浄便座 / ガスコンロ(持込) / ガスコンロ(2口) / 居室照明器具 / フローリング / バルコニー / 収納 / シューズケース / インターフォン / エアコン,インターネット対応（無料） / オートロック / 駐輪場 / 駐輪場(原付可) / 駐車場(任意)
ネクステージ大和,https://unilife.co.jp/view/11533,3.75万円 ～ 4.25万円,岡山県岡山市北区大和町1丁目5-5,"岡電バス「大和町」停徒歩4分
ＪＲ津山線「法界院」駅 徒歩12分",2.0 km,2.5 km,1K／20.9m²～22.5m²／6帖～7.5帖,セパレート（バス・トイレ） / 洗濯機置場(室内) / 温水洗浄便座 / ガスコンロ(2口) / 家具家電付(一部) / 居室照明器具 / バルコニー / 収納 / シューズケース / 防犯ディンプルキー / エアコン,CATV / インターネット対応（無料） / 防犯カメラ / 駐車場(任意) / 駐輪場(原付可)
Bremen津島東,https://unilife.co.jp/view/12042,5.1万円 ～ 5.4万円,岡山県岡山市北区津島東2丁目5-9-1,"岡電バス「津島東3丁目」停徒歩3分
ＪＲ津山線「法界院」駅 徒歩10分",3.1 km,3.0 km,1K／24.84m²～26.08m²／7.5帖～8帖,セパレート（バス・トイレ） / 洗濯機置場(室内) / 温水洗浄便座 / 浴室乾燥機 / IHコンロ(2口) / フローリング / 防犯シャッター / 収納 / シューズケース / インターフォン（TVモニター付) / 防犯ディンプルキー / エアコン,インターネット対応（無料） / オートロック / 防犯カメラ / 宅配BOX / 駐輪場(原付可)
ルラシオン岡山野田屋町,https://unilife.co.jp/view/1503,4.95万円 ～ 5.75万円,岡山県岡山市北区野田屋町2丁目2-5,"岡電バス「岡ビル前」停徒歩2分
ＪＲ山陽本線「岡山」駅 徒歩6分
岡山電気軌道東山本線「西川緑道公園」駅 徒歩5分",500 m,3.5 km,1R～1K／25.52m²／8.9帖～10.3帖,セパレート（バス・トイレ） / 洗濯機置場(室内) / 浴室乾燥機 / 温水洗浄便座 / RHコンロ(2口) / バルコニー / フローリング / 収納 / シューズケース / インターフォン（TVモニター付) / エアコン / 個別給湯（電気温水器） / オール電化(ガス無し),CATV / インターネット対応 / オートロック / 防犯カメラ / エレベーター / 宅配BOX / バイク置場(任意) / 駐輪場(原付可) / 駐車場(任意)
学生会館 Fleur de Cerisier 【食事付き】,https://unilife.co.jp/view/11524,4.85万円 ～ 5.6万円,岡山県岡山市北区柳町2丁目5-9,"岡電バス「山陽新聞社・ＴＳＣ前」停徒歩3分
ＪＲ山陽本線「岡山」駅 徒歩14分
岡山電気軌道清輝橋線「新西大寺町筋」駅 徒歩6分",1.1 km,4.3 km,1R／19.8m²～21.6m²／7.2帖～8.2帖,独立洗面化粧台 / セパレート（バス・トイレ） / 洗濯機置場(室内) / 浴室乾燥機 / 温水洗浄便座 / IHコンロ(1口) / 家具家電付 / 冷蔵庫（２ドア） / 玄関センサー感知ライト / 居室照明器具 / 電子レンジ / ベッド / バルコニー / フローリング / シューズケース / 吊棚 / 収納 / インターフォン（TVモニター付) / 暗証番号式キー / エアコン / オール電化(ガス無し),BSアンテナ / CSアンテナ / インターネット(Wi-Fi対応) / オートロック / 防犯カメラ（ユニセーフ24仕様） / エレベーター（フロアセキュリティ付） / 宅配BOX / 自動販売機 / 駐輪場(原付可) / 駐輪場 / 食堂（UniTimeKitchen仕様）
マナハウスⅠ,https://unilife.co.jp/view/12289,2.5万円 ～ 3.1万円,岡山県岡山市北区宿572-1,ＪＲ津山線「備前原」駅 徒歩6分,5.2 km,5.3 km,1K／21.2m²～24.5m²／6帖～8帖,セパレート（バス・トイレ） / 洗濯機置場(室内) / 洗濯機 / 温水洗浄便座 / ガスコンロ(1口) / 冷蔵庫 / 居室照明器具 / バルコニー / 収納 / インターフォン（TVモニター付) / エアコン,BSアンテナ / インターネット対応（無料） / 宅配BOX / 駐輪場(原付可)
マナハウスⅡ,https://unilife.co.jp/view/12302,2.5万円 ～ 3.1万円,岡山県岡山市北区宿574-1,ＪＲ津山線「備前原」駅 徒歩6分,5.2 km,5.3 km,1K／21.2m²～24.5m²／6帖～8帖,セパレート（バス・トイレ） / 洗濯機置場(室内) / 洗濯機 / 温水洗浄便座 / ガスコンロ(1口) / 冷蔵庫 / 居室照明器具 / バルコニー / 収納 / インターフォン（TVモニター付) / エアコン,BSアンテナ / インターネット対応（無料） / 宅配BOX / 駐輪場(原付可)
パレスエザクラ,https://unilife.co.jp/view/11317,3.7万円 ～ 4.05万円,岡山県岡山市北区伊島町2丁目12-25,"岡電バス「伊島町二丁目」停　徒歩3分
ＪＲ山陽本線「岡山」駅 自転車11分(約2.6km)",2.3 km,1.1 km,1K／23m²／7帖,セパレート（バス・トイレ） / 洗濯機置場(室内) / 温水洗浄便座 / IHコンロ(1口) / IHコンロ / フローリング / 収納 / インターフォン（TVモニター付) / エアコン,インターネット対応 / 駐輪場(原付可) / 駐輪場
サンライト津島Ⅰ・Ⅱ・Ⅲ号館,https://unilife.co.jp/view/2000933,3.3万円 ～ 4.1万円,岡山県岡山市北区津島京町3丁目2-20,"岡電バス「岡山商大前」停徒歩2分
ＪＲ吉備線「備前三門」駅 自転車10分(約2.4km)",3.0 km,210 m,1K／24m²～30.24m²／8帖～13帖,セパレート（バス・トイレ） / 洗濯機 / 洗濯機置場(室内) / IHコンロ(1口) / フローリング / バルコニー / 収納 / シューズケース / インターフォン（TVモニター付) / エアコン / オール電化(ガス無し) / 個別給湯（電気温水器）,BSアンテナ / インターネット対応（無料） / エレベーター / 駐輪場 / 駐車場(任意)
ヴィラ津島,https://unilife.co.jp/view/1001220,3.8万円 ～ 3.9万円,岡山県岡山市北区津島笹が瀬3‐8,"岡電バス「岡山商大前」停徒歩1分
ＪＲ吉備線「備前三門」駅 自転車11分(約2.5km)
ＪＲ津山線「法界院」駅 自転車11分(約2.6km)
ＪＲ山陽本線「岡山」駅 自転車14分(約3.4km)",3.1 km,220 m,1K／24.75m²／8.3帖,セパレート（バス・トイレ） / 洗濯機置場(室内) / ガスコンロ(持込) / 居室照明器具 / フローリング / バルコニー / 収納 / シューズケース / インターフォン / エアコン,BSアンテナ / インターネット対応 / 駐輪場
ヴェルメス津島Ⅰ・Ⅱ,https://unilife.co.jp/view/1001226,3.4万円 ～ 3.5万円,岡山県岡山市北区津島笹が瀬1-4,"岡電バス「岡山商大前」停徒歩2分
ＪＲ吉備線「備前三門」駅 自転車11分(約2.5km)",3.0 km,400 m,1K／21.12m²～23.26m²／7帖,セパレート（バス・トイレ） / 洗濯機置場(室内) / ガスコンロ(1口) / 居室照明器具 / フローリング / バルコニー / 収納 / シューズケース / インターフォン / エアコン,BSアンテナ / インターネット対応 / 駐輪場
ルシェール,https://unilife.co.jp/view/920564,4.4万円 ～ 5万円,岡山県岡山市北区津島笹が瀬41,岡電バス「岡山商大前」 停徒歩1分,3.2 km,230 m,1K／26m²～28m²／8.2帖～9.8帖,独立洗面化粧台 / セパレート（バス・トイレ） / 洗濯機置場(室内) / IHコンロ / フローリング / インターフォン（TVモニター付) / エアコン,BSアンテナ / CSアンテナ / オートロック / 防犯カメラ / 宅配BOX / 駐輪場
エースマンション,https://unilife.co.jp/view/1001278,1.8万円 ～ 2.5万円,岡山県岡山市北区津島笹が瀬1丁目5-2,"岡電バス「岡山商大前」停徒歩3分
ＪＲ吉備線「備前三門」駅 自転車11分(約2.6km)",3.0 km,350 m,1K／20m²／6帖,セパレート（バス・トイレ） / 洗濯機置場(室内) / IHコンロ(1口) / バルコニー / 収納 / エアコン / オール電化(ガス無し) / 個別給湯（電気温水器）,インターネット対応 / 駐輪場
マイヨール,https://unilife.co.jp/view/701277,3.9万円 ～ 4.2万円,岡山県岡山市北区津島笹が瀬1-36,"岡電バス「岡山商科大前」停徒歩2分
ＪＲ津山線「法界院」駅 自転車11分(約2.6km)",2.9 km,300 m,1K／25m²／8帖～9帖,セパレート（バス・トイレ） / 洗濯機置場(室内) / 温水洗浄便座 / ガスコンロ(持込) / 居室照明器具 / フローリング / バルコニー / 収納 / カードキー / エアコン,インターネット対応 / 駐輪場
ラグゼ,https://unilife.co.jp/view/701847,3.9万円,岡山県岡山市北区伊島町2丁目13-25,ＪＲ津山線「法界院」駅 自転車9分(約2.1km),2.4 km,950 m,1K／24.51m²／8帖,セパレート（バス・トイレ） / 洗濯機置場(室内) / ガスコンロ(持込) / フローリング / バルコニー / 収納 / シューズケース / エアコン,インターネット対応 / 駐輪場
K-corpo　A～C棟,https://unilife.co.jp/view/1001298,2.8万円 ～ 3万円,岡山県岡山市北区伊島町2丁目18-2,"岡電バス「武道館前」停徒歩2分
ＪＲ津山線「法界院」駅 自転車8分(約1.8km)",2.0 km,1.2 km,1R／23.84m²／10.5帖,セパレート（バス・トイレ） / 洗濯機置場(室内) / 温水洗浄便座 / IHコンロ(1口) / IHコンロ / フローリング / バルコニー / 収納 / エアコン,インターネット対応（無料） / 駐輪場
コーポプチⅡ,https://unilife.co.jp/view/10189,3.3万円 ～ 3.7万円,岡山県岡山市北区伊福町4丁目8-40,"岡電バス「別所」停徒歩1分
ＪＲ山陽本線「岡山」駅 徒歩20分
ＪＲ吉備線「備前三門」駅 自転車8分(約1.7km)",1.4 km,1.7 km,1K／19m²／6帖,セパレート（バス・トイレ） / 洗濯機置場(室内) / ガスコンロ(持込) / 居室照明器具 / バルコニー / 収納 / エアコン,インターネット対応
Moscato Bianco,https://unilife.co.jp/view/11605,5.45万円 ～ 5.95万円,岡山県岡山市北区学南町3丁目9-25,ＪＲ津山線「法界院」駅 徒歩2分,2.5 km,2.6 km,1K／30.71m²／10帖,独立洗面化粧台 / セパレート（バス・トイレ） / 洗濯機置場(室内) / 浴室乾燥機 / 温水洗浄便座 / IHコンロ(2口) / IHコンロ / バルコニー / フローリング / シューズケース / 収納 / インターフォン（TVモニター付) / 防犯ディンプルキー / エアコン / 個別給湯（ガス）,BSアンテナ / CATV / インターネット対応（無料） / オートロック / 防犯カメラ / 宅配BOX / 駐輪場(原付可)
須々木第2ビル,https://unilife.co.jp/view/1188,4.5万円 ～ 5.2万円,岡山県岡山市北区学南町3丁目12-26,"岡電バス「法界院駅前」停徒歩
ＪＲ津山線「法界院」駅 徒歩1分",2.6 km,2.7 km,1K／24.1m²～24.8m²／8帖～9.5帖,セパレート（バス・トイレ） / 洗濯機置場(室内) / 温水洗浄便座 / IHコンロ(1口) / 家電付(一部) / フローリング / バルコニー / 収納 / インターフォン / エアコン,CATV / インターネット対応 / オートロック / 駐輪場(原付可)
ポエニクスK,https://unilife.co.jp/view/1262,4.4万円 ～ 4.7万円,岡山県岡山市北区南方4丁目6-30,"岡電バス「スポーツセンター前」停徒歩5分
ＪＲ津山線「法界院」駅 徒歩14分",1.5 km,2.6 km,1K／21.87m²／7.5帖,セパレート（バス・トイレ） / 洗濯機置場(室内) / 温水洗浄便座 / ガスコンロ(2口) / 居室照明器具 / フローリング / バルコニー / 収納 / シューズケース / インターフォン / エアコン,BSアンテナ / インターネット対応（無料） / 駐車場(任意) / 駐輪場（大型バイク可）
Grand E’terna 岡山Ⅱ,https://unilife.co.jp/view/1520,"4.95万円 ～ 5.8万円
（13Fトリプレットタイプ：5.9万円～6.45万円）",岡山県岡山市北区富町2丁目2-1,"岡電バス 「昭和町」停から徒歩3分
ＪＲ山陽本線「岡山」駅 徒歩8分",650 m,2.8 km,1K～1LDK／27.07m²～32.14m²／6.3帖～14.6帖,セパレート（バス・トイレ） / 洗濯機置場(室内) / 浴室スチームサウナ / 浴室テレビ / 浴室音響システム / 温水洗浄便座 / RHコンロ(2口) / システムキッチン / バルコニー / フローリング / 収納 / シューズケース / 暗証番号式キー / エアコン,BSアンテナ / CSアンテナ / インターネット対応 / オートロック / 防犯カメラ / 防犯カメラシステム / 宅配BOX / 浄水器設置(共用) / 駐輪場(原付可) / 駐車場(任意)
ルラシオン岡山奉還町,https://unilife.co.jp/view/10141,"4.7万円 ～ 5.65万円
（9F西側1Kロフトタイプ：5.7万円～5.8万円）",岡山県岡山市北区奉還町1丁目10-21,"岡電バス「済生会病院前」停徒歩1分
ＪＲ山陽本線「岡山」駅 徒歩5分",500 m,2.8 km,1R～1K／25.55m²／8帖～10帖,独立洗面化粧台 / セパレート（バス・トイレ） / 洗濯機置場(室内) / 浴室乾燥機 / 温水洗浄便座 / RHコンロ(2口) / 家具家電付(一部) / 家電付(一部) / 玄関センサー感知ライト / 居室照明器具 / バルコニー / フローリング / シューズケース / 吊棚 / 収納 / インターフォン（TVモニター付) / 暗証番号式キー / エアコン / オール電化(ガス無し),BSアンテナ / CSアンテナ / UniLife-net光(UCOM光) Wi-Fi対応 / インターネット(Wi-Fi対応) / オートロック / 防犯カメラ / エレベーター / 自動販売機 / 宅配BOX / 駐車場(任意) / 駐輪場(原付可)
アレグリア カーサ,https://unilife.co.jp/view/1505,4.75万円 ～ 5.5万円,岡山県岡山市北区奉還町2丁目4-4,ＪＲ山陽本線「岡山」駅 徒歩4分,300 m,2.8 km,1K／29.1m²／11.2帖,セパレート（バス・トイレ） / 洗濯機置場(室内) / 温水洗浄便座 / IH+RHコンロ(2口) / 家具家電付(一部) / 居室照明器具 / フローリング / バルコニー / 収納 / エアコン,CATV / インターネット対応 / オートロック / 防犯カメラ / 防犯カメラシステム / 浄水器設置(共用) / 宅配BOX / 駐輪場(原付可)
ルルード中井町,https://unilife.co.jp/view/1492,4.9万円 ～ 5.65万円,岡山県岡山市北区中井町1丁目4-10,"岡電バス「御野校前」停 徒歩1分
ＪＲ津山線「法界院」駅 徒歩6分",2.3 km,2.8 km,1R／29.25m²／12.5帖,セパレート（バス・トイレ） / 独立洗面化粧台 / 洗濯機置場(室内) / 温水洗浄便座 / IHコンロ(2口) / 玄関センサー感知ライト / 居室照明器具 / バルコニー / 吊棚 / 収納 / シューズケース / インターフォン（TVモニター付) / 暗証番号式キー / エアコン,BSアンテナ / CSアンテナ / インターネット対応 / オートロック / 防犯カメラ / 宅配BOX / 浄水器設置(共用) / 駐車場(任意) / 駐輪場(原付可)
クレフラスト中井町,https://unilife.co.jp/view/10389,4.6万円 ～ 4.8万円,岡山県岡山市北区中井町2丁目2-56,"岡電バス「御野校前」停徒歩5分
ＪＲ津山線「法界院」駅 徒歩11分",2.3 km,2.8 km,1K／24.52m²～24.85m²／8.2帖～8.5帖,セパレート（バス・トイレ） / 独立洗面化粧台 / 洗濯機置場(室内) / 温水洗浄便座 / ガスコンロ(持込) / 小窓(出窓) / バルコニー / 収納 / シューズケース / インターフォン（TVモニター付) / エアコン,CATV / インターネット対応 / 駐輪場(原付可)
コーディアル中井町,https://unilife.co.jp/view/11830,4.8万円 ～ 5.3万円,岡山県岡山市北区中井町1丁目3-10,"岡電バス「御野校前」停徒歩2分
ＪＲ津山線「法界院」駅 徒歩8分",2.3 km,2.8 km,1K／27.3m²～27.31m²／8.1帖,セパレート（バス・トイレ） / 独立洗面化粧台 / 洗濯機置場(室内) / 温水洗浄便座 / ガスコンロ(3口) / 居室照明器具 / バルコニー / 小窓(出窓) / 収納 / シューズケース / インターフォン / エアコン,BSアンテナ / インターネット対応（無料） / オートロック / 防犯カメラ / 駐輪場(原付可)
明和マンション,https://unilife.co.jp/view/10701,3.95万円 ～ 4.1万円,岡山県岡山市北区奉還町1丁目10-33,ＪＲ山陽本線「岡山」駅 徒歩5分,500 m,2.9 km,1K／19m²／6帖,セパレート（バス・トイレ） / 洗濯機置場(室内) / ガスコンロ(持込) / 家具家電付 / バルコニー / 収納 / エアコン,BSアンテナ / インターネット対応（無料）
ピュアライフ津高,https://unilife.co.jp/view/10654,6.2万円 ～ 6.4万円,岡山県岡山市北区横井上1302-1,"岡電バス「横井小学校前」停徒歩3分
ＪＲ津山線「法界院」駅 自転車23分(約5.5km)",5.8 km,2.9 km,2LDK／57.66m²／26.2帖,独立洗面化粧台 / セパレート（バス・トイレ） / 洗濯機置場(室内) / 温水洗浄便座 / ガスコンロ(3口) / システムキッチン / 居室照明器具 / バルコニー / フローリング / シューズケース / 収納 / インターフォン / エアコン,BSアンテナ / インターネット対応 / オートロック / エレベーター / 駐輪場(原付可) / 駐車場(任意)
La.maLinu須々木,https://unilife.co.jp/view/11350,5.25万円 ～ 5.6万円,岡山県岡山市北区津島東2丁目7-16,"岡電バス「法界院駅前」停 徒歩7分
ＪＲ津山線「法界院」駅 徒歩6分",2.9 km,3.0 km,1K／29.1m²～30.6m²／10帖～10.1帖,セパレート（バス・トイレ） / 洗濯機置場(室内) / 追焚き機能付バス / 温水洗浄便座 / 浴室乾燥機 / IHコンロ(2口) / 複層ガラス / フローリング / 収納 / シューズケース / インターフォン（TVモニター付) / ダブルロックキー / エアコン,BSアンテナ / CSアンテナ / インターネット対応 / オートロック / 防犯カメラ / 宅配BOX / 駐輪場(原付可)
St.LEONE津島東,https://unilife.co.jp/view/11609,4.75万円 ～ 5.15万円,岡山県岡山市北区津島東2丁目2-5,"岡電バス「法界院駅前」停徒歩7分
ＪＲ津山線「法界院」駅 徒歩8分
ＪＲ山陽本線「西川原」駅 自転車9分(約2.2km)
ＪＲ津山線「備前原」駅 自転車13分(約3.0km)",3.1 km,2.9 km,1K／22.2m²～23.86m²／7帖～7.6帖,独立洗面化粧台 / セパレート（バス・トイレ） / 室内物干 / 洗濯機置場(室内) / 温水洗浄便座 / ガスコンロ(1口) / バルコニー / フローリング / シューズケース / 収納 / インターフォン（TVモニター付) / 防犯ディンプルキー / エアコン / 個別給湯（ガス）,プロパンガス / BSアンテナ / CSアンテナ / インターネット対応（無料） / 駐輪場(原付可) / 駐車場(任意)
La.Pause松島,https://unilife.co.jp/view/11698,3.95万円 ～ 4.35万円,岡山県岡山市北区中井町2丁目1-6,"岡電バス「大和町」停徒歩1分
ＪＲ津山線「法界院」駅 徒歩12分
ＪＲ山陽本線「岡山」駅 自転車8分(約1.9km)",1.8 km,2.9 km,1LDK／32.2m²／16帖,独立洗面化粧台 / セパレート（バス・トイレ） / 洗濯機置場(室外) / 温水洗浄便座 / ガスコンロ(持込) / 居室照明器具 / バルコニー / 収納 / インターフォン（TVモニター付) / エアコン,インターネット対応（無料）
レオパレス広瀬町,https://unilife.co.jp/view/10439,3.9万円 ～ 4.2万円,岡山県岡山市北区広瀬町2-40,"岡電バス「南方交番前」停徒歩3分
ＪＲ山陽本線「西川原」駅 自転車9分(約2.2km)
ＪＲ津山線「法界院」駅 徒歩19分",1.5 km,3.1 km,1K／18.81m²／6帖,セパレート（バス・トイレ） / 洗濯機置場(室外) / IHコンロ(1口) / 居室照明器具 / ロフト / バルコニー / 収納 / シューズケース / インターフォン / エアコン,BSアンテナ / CSアンテナ / インターネット対応
パレハ広瀬町（旧：エステートピア白川）,https://unilife.co.jp/view/11532,3.7万円 ～ 4.2万円,岡山県岡山市北区広瀬町2-41,"岡電・宇野バス「南方交番前」停徒歩2分
ＪＲ山陽本線「岡山」駅 徒歩18分
ＪＲ津山線「法界院」駅 徒歩19分
ＪＲ山陽本線「西川原」駅 自転車8分(約1.8km)",1.5 km,3.0 km,1R～1K／22.5m²～24.9m²／9帖～9.5帖,セパレート（バス・トイレ） / 洗濯機置場(室外) / 洗濯機置場(室内) / 温水洗浄便座 / ガスコンロ(持込) / 居室照明器具 / フローリング / バルコニー / 収納 / シューズケース / インターフォン / エアコン,BSアンテナ / インターネット対応（無料） / オートロック / 駐輪場(原付可)
コーディアル御野,https://unilife.co.jp/view/11831,5.2万円 ～ 5.6万円,岡山県岡山市北区北方1丁目2-3,"岡電バス「法界院」停徒歩2分
ＪＲ津山線「法界院」駅 徒歩5分",2.4 km,2.9 km,1K／28.3m²～31.4m²／9帖～11帖,セパレート（バス・トイレ） / 独立洗面化粧台 / 洗濯機置場(室内) / 温水洗浄便座 / ガスコンロ(3口) / 居室照明器具 / 小窓(出窓) / バルコニー / WINクローゼット / シューズケース / インターフォン（TVモニター付) / エアコン,BSアンテナ / インターネット対応（無料） / オートロック / 防犯カメラ / 駐輪場(原付可)
サウスコート,https://unilife.co.jp/view/11911,"5.55万円 ～ 5.75万円
（1LDKタイプ：6.65万円～6.85万円）",岡山県岡山市北区南方2丁目9-18,"バス「南方交番前」停　徒歩2分
ＪＲ山陽本線「岡山」駅 徒歩15分",1.3 km,2.9 km,1K～1LDK／26.9m²～34.3m²／6.5帖,セパレート（バス・トイレ） / 独立洗面化粧台 / 洗濯機置場(室内) / 追焚き機能付バス / 温水洗浄便座 / IHコンロ(2口) / IHコンロ / 防犯シャッター / 複層ガラス / バルコニー / 収納 / WINクローゼット / シューズケース / インターフォン（TVモニター付) / エアコン,BSアンテナ / インターネット対応（無料） / 駐輪場 / 駐車場(任意)
ALPHA MAISON,https://unilife.co.jp/view/923205,2.85万円 ～ 3.6万円,岡山県岡山市北区津島東241,ＪＲ津山線「法界院」駅 徒歩8分,3.3 km,3.3 km,1K／20m²／6帖,セパレート（バス・トイレ） / 洗濯機置場(室内) / ガスコンロ(持込) / 居室照明器具 / バルコニー / 収納 / インターフォン（TVモニター付) / エアコン,BSアンテナ / インターネット対応（無料） / 駐輪場
ポスト富田町Ⅱ,https://unilife.co.jp/view/10074,3.9万円 ～ 4.4万円,岡山県岡山市北区富田町2丁目3-8,"岡電バス「県民局入口」停徒歩1分
ＪＲ山陽本線「岡山」駅 徒歩10分",850 m,3.4 km,1R／18.76m²～22m²,セパレート（バス・トイレ） / 洗濯機 / 洗濯機置場(室内) / ガスコンロ(1口) / 家電付(一部) / 冷蔵庫（２ドア） / 居室照明器具 / 電子レンジ / バルコニー / フローリング / 収納 / シューズケース / インターフォン（TVモニター付) / エアコン / 個別給湯（ガス）,都市ガス / BS・CSアンテナ / インターネット対応（無料） / オートロック / エレベーター / 駐輪場(原付可)
St.LEONE北方,https://unilife.co.jp/view/11608,4.75万円 ～ 5.15万円,岡山県岡山市北区北方2丁目6-3,"岡電バス「植物園口」停徒歩2分
ＪＲ津山線「法界院」駅 徒歩10分
ＪＲ山陽本線「西川原」駅 自転車9分(約2.1km)",3.2 km,3.3 km,1K／27.4m²～33.8m²,セパレート（バス・トイレ） / 独立洗面化粧台 / 洗濯機置場(室内) / 温水洗浄便座 / ガスコンロ(1口) / バルコニー / フローリング / 収納 / シューズケース / エアコン / 個別給湯（ガス）,BSアンテナ / CSアンテナ / インターネット対応（無料） / 駐輪場(原付可) / 駐車場(任意)
St.LEONE番町,https://unilife.co.jp/view/11420,4.6万円 ～ 5.1万円,岡山県岡山市北区番町2丁目13-10,"岡電バス「南方交番前」停徒歩6分
ＪＲ山陽本線「岡山」駅 自転車8分(約1.7km)",1.7 km,3.3 km,1K／25.9m²／10帖,セパレート（バス・トイレ） / 洗濯機置場(室内) / 浴室乾燥機 / 温水洗浄便座 / ガスコンロ(2口) / システムキッチン / 居室照明器具 / 複層ガラス / フローリング / バルコニー / 収納 / シューズケース / インターフォン（TVモニター付) / エアコン,BSアンテナ / インターネット対応（無料） / 宅配BOX / 駐輪場 / 駐輪場(原付可) / 駐車場(任意)
クレフラスト番町,https://unilife.co.jp/view/10768,4.5万円 ～ 4.9万円,岡山県岡山市北区番町2丁目13-17,"岡電・宇野バス「南方交番前」停徒歩5分
ＪＲ山陽本線「岡山」駅 徒歩20分",1.7 km,3.2 km,1K／24.93m²～25.02m²／8.2帖～8.3帖,セパレート（バス・トイレ） / 独立洗面化粧台 / 洗濯機置場(室内) / 温水洗浄便座 / ガスコンロ(持込) / 居室照明器具 / フローリング / バルコニー / 収納 / シューズケース / インターフォン（TVモニター付) / エアコン,CATV / インターネット対応 / 駐輪場(原付可)
Schalke北方,https://unilife.co.jp/view/11862,5.05万円 ～ 5.4万円,岡山県岡山市北区北方2丁目4-6,"岡電バス「植物園口」停徒歩2分
ＪＲ津山線「法界院」駅 徒歩8分",3.0 km,3.1 km,1K／26.1m²／8帖,セパレート（バス・トイレ） / 独立洗面化粧台 / 洗濯機置場(室内) / 温水洗浄便座 / 浴室乾燥機 / IHコンロ(2口) / バルコニー / 収納 / シューズケース / インターフォン（TVモニター付) / 防犯ディンプルキー / エアコン,BSアンテナ / インターネット対応（無料） / 防犯カメラ / 宅配BOX / 駐輪場(原付可)
サニーコート法界院,https://unilife.co.jp/view/11538,4.3万円 ～ 4.6万円,岡山県岡山市北区半田町4-55-1,"岡電バス「理大専門学校口」停　徒歩2分
ＪＲ津山線「法界院」駅 自転車8分(約1.8km)",4.1 km,4.1 km,1K／25.9m²／7.6帖,セパレート（バス・トイレ） / 独立洗面化粧台 / 洗濯機置場(室内) / 追焚き機能付バス / 浴室乾燥機 / 温水洗浄便座 / ガスコンロ(1口) / 居室照明器具 / バルコニー / フローリング / シューズケース / 収納 / インターフォン（TVモニター付) / エアコン / 個別給湯（ガス）,BSアンテナ / インターネット対応（無料） / 駐輪場(原付可) / 駐車場(任意)
ラ・リベルテ,https://unilife.co.jp/view/920606,"5.8万円 ～ 6.2万円
（1LDKタイプ：6.9万円）",岡山県岡山市北区津島新野1丁目91,ＪＲ津山線「法界院」駅 徒歩12分,1.9 km,1.8 km,1R／27.9m²～43.8m²／8.1帖～15帖,セパレート（バス・トイレ） / 独立洗面化粧台 / 洗濯機置場(室内) / 浴室乾燥機 / 追焚き機能付バス / 温水洗浄便座 / IHコンロ(2口) / フローリング / バルコニー / 収納 / シューズケース / インターフォン（TVモニター付) / エアコン,インターネット対応（無料） / オートロック / 防犯カメラ / 宅配BOX / 駐輪場 / 駐車場(任意)
エフォール岡山,https://unilife.co.jp/view/1370,4.95万円 ～ 5.8万円,岡山県岡山市北区岩田町2-14,"ＪＲ山陽本線「岡山」駅 徒歩5分
岡山電気軌道東山本線「岡山駅前」駅 徒歩8分
岡山電気軌道清輝橋線「岡山駅前」駅 徒歩8分",500 m,3.3 km,1R～1DK／30.45m²～31.83m²／12.5帖～12.7帖,独立洗面化粧台 / セパレート（バス・トイレ） / 洗濯機置場(室内) / 温水洗浄便座 / IH+RHコンロ(2口) / システムキッチン / 家具家電付 / 玄関センサー感知ライト / バルコニー / フローリング / 吊棚 / 収納 / インターフォン（TVモニター付) / エアコン / オール電化(ガス無し),BSアンテナ / CSアンテナ / インターネット対応 / オートロック / 防犯カメラ / エレベーター / 宅配BOX / 駐輪場(原付可)
シティハイツ岩田,https://unilife.co.jp/view/10366,3.85万円 ～ 5.15万円,岡山県岡山市北区岩田町5-3,ＪＲ山陽本線「岡山」駅 徒歩5分,550 m,3.4 km,1K／25m²～28m²／8帖,セパレート（バス・トイレ） / 洗濯機置場(室内) / 温水洗浄便座 / ガスコンロ(持込) / 家具家電付 / 居室照明器具 / バルコニー / フローリング / シューズケース / 収納 / インターフォン（TVモニター付) / エアコン,BSアンテナ / CSアンテナ / インターネット対応 / 防犯カメラ / エレベーター / 宅配BOX / 駐輪場
カサ・コン・ディオス,https://unilife.co.jp/view/1276,3.8万円 ～ 4.6万円,岡山県岡山市北区駅前町2丁目7-3,"岡電バス「岡ビル前」停徒歩3分
ＪＲ山陽本線「岡山」駅 徒歩5分
岡山電気軌道東山本線「岡山駅前」駅 徒歩7分
岡山電気軌道東山本線「西川緑道公園」駅 徒歩6分",500 m,3.4 km,1K／18.8m²～21.45m²／6.3帖～7帖,ユニットバス / セパレート（バス・トイレ） / 洗濯機置場(室内) / 温水洗浄便座 / ガスコンロ(1口) / 居室照明器具 / バルコニー / フローリング / シューズケース / 収納 / インターフォン（TVモニター付) / エアコン,BSアンテナ / インターネット対応（無料） / オートロック / 防犯カメラ / エレベーター / 宅配BOX / 駐輪場(原付可)
グレースシャトル本町D棟,https://unilife.co.jp/view/702273,4.8万円,岡山県岡山市北区津島本町5-6-4,"岡電バス「妙善寺」停徒歩4分
ＪＲ津山線「法界院」駅 自転車9分(約2.1km)
ＪＲ吉備線「備前三門」駅 自転車13分(約3.0km)
ＪＲ山陽新幹線「岡山」駅 自転車14分(約3.3km)",2.9 km,1.1 km,1K／24.9m²／8帖,セパレート（バス・トイレ） / 独立洗面化粧台 / 洗濯機置場(室内) / 温水洗浄便座 / RHコンロ(2口) / フローリング / バルコニー / 収納 / シューズケース / インターフォン / エアコン / オール電化(ガス無し),インターネット対応 / オートロック / 駐輪場 / 駐車場(任意)
フローラ伊島,https://unilife.co.jp/view/1001263,3.5万円 ～ 3.8万円,岡山県岡山市北区伊島町2丁目21-24,"岡電バス「津島新道」停徒歩1分
ＪＲ山陽本線「岡山」駅 自転車11分(約2.5km)
ＪＲ津山線「法界院」駅 自転車9分(約2.1km)",2.1 km,1.1 km,1K／25.68m²～32.1m²／9帖～11.7帖,セパレート（バス・トイレ） / 洗濯機置場(室内) / 電気コンロ / フローリング / バルコニー / 収納 / シューズケース / インターフォン,インターネット対応 / オートロック / 駐輪場
AXIS伊島,https://unilife.co.jp/view/1002980,5.9万円 ～ 6.4万円,岡山県岡山市北区伊島町2丁目21-23,"岡電バス「津島新道」停徒歩1分
ＪＲ津山線「法界院」駅 自転車9分(約2.1km)",2.1 km,1.0 km,1K／29.57m²～30m²／10帖～10.1帖,セパレート（バス・トイレ） / 洗濯機置場(室内) / ガスコンロ(2口) / システムキッチン / フローリング / 収納 / シューズケース / インターフォン / エアコン,CATV / インターネット対応（無料） / オートロック / 防犯カメラ / エレベーター / 駐輪場
グランデール伊島,https://unilife.co.jp/view/1002926,3.2万円 ～ 4.2万円,岡山県岡山市北区伊島町3丁目2‐2,"岡電バス「児童会館前」停徒歩7分
ＪＲ吉備線「備前三門」駅 自転車9分(約2.2km)",2.1 km,1.3 km,1R／20.15m²～25.55m²／7.5帖～10帖,セパレート（バス・トイレ） / 洗濯機置場(室内) / 電気コンロ / バルコニー / 収納 / シューズケース / インターフォン / エアコン,インターネット対応（無料） / オートロック / エレベーター / 駐輪場
グリーンハウスメグミ,https://unilife.co.jp/view/920762,3.3万円 ～ 3.4万円,岡山県岡山市北区津島福居1丁目131,ＪＲ津山線「法界院」駅 自転車8分(約1.8km),3.0 km,1.6 km,1K／19.5m²／6帖,セパレート（バス・トイレ） / 洗濯機 / 洗濯機置場(室外) / 温水洗浄便座 / IHコンロ / 冷蔵庫（２ドア） / フローリング / 収納 / シューズケース / インターフォン（TVモニター付) / エアコン,インターネット対応 / 駐輪場
アピアコート谷万成,https://unilife.co.jp/view/701303,3万円,岡山県岡山市北区谷万成1丁目12-9,ＪＲ吉備線「備前三門」駅 徒歩19分,2.8 km,1.1 km,1K／21.66m²／6帖,セパレート（バス・トイレ） / 洗濯機置場(室内) / ガスコンロ(持込) / 居室照明器具 / 収納 / インターフォン / エアコン,インターネット対応（無料） / 駐車場(任意) / 駐輪場
グランディス,https://unilife.co.jp/view/700935,3.8万円,岡山県岡山市北区伊島町3丁目7-1,"岡電バス「伊島町二丁目」停徒歩8分
ＪＲ吉備線「備前三門」駅 自転車9分(約2.0km)",2.0 km,1.2 km,1K／24.69m²／8帖,セパレート（バス・トイレ） / 洗濯機置場(室内) / ガスコンロ(持込) / フローリング / 収納 / シューズケース / インターフォン / エアコン,インターネット対応 / 駐輪場
津島新野レディースマンション,https://unilife.co.jp/view/700996,3.8万円 ～ 4.5万円,岡山県岡山市北区津島新野2丁目2-13,"岡電バス「武道館口」停徒歩1分
ＪＲ津山線「法界院」駅 徒歩18分",2.1 km,1.4 km,1K／23.04m²～30.24m²／8.4帖～8.9帖,セパレート（バス・トイレ） / 洗濯機置場(室内) / 温水洗浄便座 / ガスコンロ(持込) / フローリング / バルコニー / 収納 / インターフォン（TVモニター付) / エアコン,インターネット対応 / 駐輪場
ファンガーデン,https://unilife.co.jp/view/702336,3.5万円 ～ 4.4万円,岡山県岡山市北区津島南１丁目1-11,"岡電バス「武道館口」停徒歩2分
ＪＲ津山線「法界院」駅 徒歩20分
ＪＲ山陽本線「岡山」駅 自転車11分(約2.5km)
ＪＲ津山線「岡山」駅 自転車11分(約2.5km)",2.1 km,1.2 km,1K／19.44m²～24.58m²／6帖～8帖,セパレート（バス・トイレ） / 洗濯機置場(室内) / ガスコンロ(1口) / フローリング / バルコニー / 収納 / シューズケース / インターフォン / エアコン,インターネット対応 / 駐輪場(原付可)
ユートピアン21,https://unilife.co.jp/view/701487,3.8万円 ～ 4.5万円,岡山県岡山市北区津島新野2丁目1-35,"ＪＲ津山線「法界院」駅 徒歩16分
ＪＲ山陽本線「岡山」駅 よりバス乗車「岡電バス武道館口」停から徒歩1分",1.9 km,1.6 km,1K／25.2m²～26.37m²／8.7帖～8.8帖,セパレート（バス・トイレ） / 洗濯機置場(室内) / ガスコンロ(持込) / 居室照明器具 / バルコニー / 収納 / シューズケース / インターフォン（TVモニター付) / エアコン,インターネット対応 / 駐輪場
アルカディア,https://unilife.co.jp/view/703116,4万円 ～ 4.4万円,岡山県岡山市北区津島新野2丁目4-26,"ＪＲ津山線「法界院」駅 徒歩18分
ＪＲ山陽本線「岡山」駅 自転車12分(約2.7km)
ＪＲ山陽新幹線「岡山」駅 自転車12分(約2.7km)",2.2 km,1.4 km,1K／26.18m²／8.2帖,セパレート（バス・トイレ） / 洗濯機置場(室内) / フローリング / バルコニー / 収納 / エアコン,インターネット対応 / 駐輪場(原付可)
シャトールネッサンス津高,https://unilife.co.jp/view/1001219,4万円 ～ 4.6万円,岡山県岡山市北区津高318-1,"岡電バス「中原」停徒歩4分
ＪＲ津山線「法界院」駅 自転車16分(約3.8km)
ＪＲ吉備線「備前三門」駅 自転車16分(約3.7km)
ＪＲ山陽新幹線「岡山」駅 自転車21分(約4.9km)",4.7 km,1.8 km,1K／24.6m²／7.5帖～8帖,セパレート（バス・トイレ） / 洗濯機置場(室内) / 温水洗浄便座 / 居室照明器具 / フローリング / バルコニー / 収納 / エアコン,インターネット対応 / オートロック / 駐車場(任意) / 駐輪場
コーポプチⅠ,https://unilife.co.jp/view/10190,3.2万円 ～ 3.5万円,岡山県岡山市北区伊福町4丁目4-23,"岡電バス「岡工口」停徒歩3分
ＪＲ山陽本線「岡山」駅 徒歩18分
ＪＲ津山線「岡山」駅 徒歩18分
ＪＲ吉備線「岡山」駅 徒歩18分",1.2 km,1.9 km,1K／19m²／6帖,セパレート（バス・トイレ） / 洗濯機置場(室内) / ガスコンロ(持込) / 居室照明器具 / 収納 / エアコン,インターネット対応（無料）
コーポラス伊福,https://unilife.co.jp/view/701916,4.2万円 ～ 4.5万円,岡山県岡山市北区伊福町3丁目25-5,"バス「岡工前」停徒歩3分
ＪＲ山陽本線「岡山」駅 徒歩19分
ＪＲ津山線「岡山」駅 徒歩19分
ＪＲ吉備線「岡山」駅 徒歩19分",1.2 km,1.9 km,1K／25.9m²～32.4m²／8.7帖～11.5帖,セパレート（バス・トイレ） / 洗濯機置場(室内) / 温水洗浄便座 / ガスコンロ(1口) / フローリング / バルコニー / 収納 / シューズケース / インターフォン（TVモニター付) / エアコン,オートロック / エレベーター / 駐輪場
ファイブ南方,https://unilife.co.jp/view/1001777,3.5万円 ～ 4.2万円,岡山県岡山市北区南方5丁目6-31,"岡電バス「スポーツセンター前」停徒歩2分
ＪＲ津山線「法界院」駅 徒歩15分
ＪＲ山陽本線「岡山」駅 徒歩20分
ＪＲ津山線「岡山」駅 徒歩20分",1.4 km,2.3 km,1K／19.44m²～22.68m²／6帖～8帖,セパレート（バス・トイレ） / ユニットバス / 洗濯機置場(室内) / 電気コンロ / バルコニー / 収納 / エアコン,CATV / インターネット対応 / 駐輪場
岩田ビル第3,https://unilife.co.jp/view/704085,4.9万円,岡山県岡山市北区津倉町1-4-1,"中鉄バス「津倉町」停　徒歩4分
ＪＲ山陽本線「岡山」駅 徒歩15分
ＪＲ吉備線「備前三門」駅 徒歩12分",1.1 km,2.3 km,1K／29.2m²／8.8帖,セパレート（バス・トイレ） / 独立洗面化粧台 / 洗濯機置場(室内) / 温水洗浄便座 / ガスコンロ(2口) / システムキッチン / 居室照明器具 / バルコニー / フローリング / 収納 / シューズケース / インターフォン / エアコン,インターネット対応（無料） / オートロック / 駐輪場 / 駐車場(任意)
磯島コーポ,https://unilife.co.jp/view/700904,3.5万円,岡山県岡山市北区伊福町3丁目18-30,"バス「岡工前」停徒歩2分
ＪＲ山陽本線「岡山」駅 徒歩15分
ＪＲ津山線「岡山」駅 徒歩15分
ＪＲ山陽新幹線「岡山」駅 徒歩15分",1.0 km,2.1 km,1K／20m²／8帖,セパレート（バス・トイレ） / 洗濯機置場(室内) / ガスコンロ(持込) / 収納 / エアコン,駐輪場
あるふぁ南方Ⅰ,https://unilife.co.jp/view/702943,3万円,岡山県岡山市北区南方4丁目8-4,"岡電バス「スポーツセンター前」停徒歩4分
ＪＲ津山線「法界院」駅 徒歩14分
ＪＲ山陽本線「西川原」駅 自転車8分(約1.8km)
ＪＲ山陽本線「岡山」駅 自転車8分(約1.8km)",1.6 km,2.6 km,1K／19.8m²／6帖,セパレート（バス・トイレ） / 洗濯機置場(室内) / 温水洗浄便座 / ガスコンロ(持込) / フローリング / バルコニー / 収納 / エアコン,インターネット対応 / 駐輪場
岩田ビル第一,https://unilife.co.jp/view/704084,4.4万円 ～ 4.5万円,岡山県岡山市北区昭和町10-16,ＪＲ山陽本線「岡山」駅 徒歩9分,650 m,2.9 km,1K／27.53m²～29.81m²／7.5帖～8帖,セパレート（バス・トイレ） / 洗濯機置場(室内) / 温水洗浄便座 / ガスコンロ(1口) / 居室照明器具 / フローリング / バルコニー / 収納 / シューズケース / インターフォン / エアコン,オートロック / エレベーター / 駐輪場
フェリーチェ高柳,https://unilife.co.jp/view/10125,"4.9万円 ～ 5.2万円
（1LDKタイプ：5.6万円～5.9万円）",岡山県岡山市北区高柳東町13-67,"岡電バス「下伊福2丁目」停徒歩1分
ＪＲ山陽本線「岡山」駅 徒歩16分",1.5 km,3.2 km,1K～1LDK／28.14m²～39.47m²／10帖～16.7帖,独立洗面化粧台 / セパレート（バス・トイレ） / 洗濯機置場(室内) / 温水洗浄便座 / IH+RHコンロ(2口) / 居室照明器具 / バルコニー / フローリング / 収納 / インターフォン（TVモニター付) / 暗証番号式キー / エアコン,BSアンテナ / CSアンテナ / インターネット対応 / オートロック / 駐輪場(原付可) / 駐車場(任意)
ボヌールスクエア アコオⅤ番館,https://unilife.co.jp/view/10388,5.5万円 ～ 8.9万円,岡山県岡山市北区富田町1丁目10-25,"岡電バス「県民局入口」停徒歩3分
ＪＲ山陽本線「岡山」駅 徒歩9分
岡山電気軌道東山本線「西川緑道公園」駅 徒歩5分",650 m,3.5 km,1DK～1LDK／32m²～53.24m²／12.5帖～22.8帖,独立洗面化粧台 / セパレート（バス・トイレ） / 洗濯機置場(室内) / 温水洗浄便座 / ガスコンロ(2口) / システムキッチン / バルコニー / フローリング / シューズケース / 収納 / インターフォン（TVモニター付) / エアコン,BSアンテナ / CSアンテナ / インターネット対応（無料） / オートロック / 防犯カメラ / エントランス防犯モニター / エレベーター / 駐輪場(原付可) / 駐車場(任意)
スカイタウンYASUI,https://unilife.co.jp/view/920130,4.55万円 ～ 4.75万円,岡山県岡山市北区津島新野2丁目41,ＪＲ津山線「法界院」駅 徒歩17分,2.1 km,1.5 km,1K／26.46m²／8.6帖,セパレート（バス・トイレ） / 独立洗面化粧台 / 洗濯機置場(室内) / 温水洗浄便座 / ガスコンロ(1口) / フローリング / 収納 / シューズケース / インターフォン（TVモニター付) / エアコン,BSアンテナ / インターネット対応（無料） / 駐車場(任意) / 駐輪場
メゾン津島（2Kタイプ）,https://unilife.co.jp/view/2000505,4.8万円,岡山県岡山市北区津島笹が瀬2-8,"岡電バス「岡山商大前」停徒歩2分
ＪＲ吉備線「備前三門」駅 自転車11分(約2.6km)
ＪＲ津山線「法界院」駅 自転車11分(約2.6km)
ＪＲ山陽本線「岡山」駅 自転車14分(約3.3km)",3.0 km,350 m,2DK／40.6m²／16.5帖,セパレート（バス・トイレ） / 洗濯機置場(室内) / 温水洗浄便座 / ガスコンロ(持込) / ガスコンロ(2口) / フローリング / 収納 / シューズケース / インターフォン（TVモニター付) / エアコン,インターネット対応 / オートロック / 防犯カメラ / 宅配BOX / 駐輪場(原付可)
CoCo学南町,https://unilife.co.jp/view/1274,5万円 ～ 5.9万円,岡山県岡山市北区学南町2丁目6-16,"岡電バス「岡大入口」停徒歩2分
ＪＲ津山線「法界院」駅 徒歩11分",2.1 km,2.0 km,1R～1DK／25.3m²～30.7m²／10帖～13帖,セパレート（バス・トイレ） / 洗濯機置場(室内) / 暖房便座 / ガスコンロ(持込) / フローリング / バルコニー / 収納 / シューズケース / インターフォン / エアコン,CATV / インターネット対応 / オートロック / 宅配BOX / 駐輪場(原付可)
パラッツォ津島,https://unilife.co.jp/view/2000124,6.1万円 ～ 6.6万円,岡山県岡山市北区津島福居1丁目9‐5‐3,"岡電バス「福居」停徒歩3分
ＪＲ津山線「法界院」駅 自転車8分(約1.8km)
ＪＲ山陽本線「西川原」駅 自転車15分(約3.6km)
ＪＲ山陽本線「岡山」駅 自転車14分(約3.4km)",3.1 km,1.5 km,1LDK／42.06m²～42.38m²／17.1帖～17.2帖,セパレート（バス・トイレ） / 独立洗面化粧台 / 洗濯機置場(室内) / 追焚き機能付バス / 温水洗浄便座 / ガスコンロ(持込) / フローリング / バルコニー / 収納 / シューズケース / インターフォン（TVモニター付) / エアコン,BSアンテナ / インターネット対応 / 駐輪場 / 駐車場(任意)
ノースウィング,https://unilife.co.jp/view/700449,4.7万円 ～ 5.3万円,岡山県岡山市北区津島新野１丁目10-3,"岡電バス「岡山大学筋」停徒歩4分
ＪＲ津山線「法界院」駅 徒歩12分",2.2 km,2.0 km,1K／24m²～27m²／7.5帖～9帖,セパレート（バス・トイレ） / 独立洗面化粧台 / 洗濯機置場(室内) / IHコンロ(1口) / フローリング / バルコニー / 収納 / インターフォン / エアコン / オール電化(ガス無し),インターネット対応（無料） / 駐輪場
第5北村ビル,https://unilife.co.jp/view/1001280,4.5万円 ～ 5.2万円,岡山県岡山市北区学南町2丁目5-1,"岡電バス「岡山大学筋」停徒歩1分
ＪＲ津山線「法界院」駅 徒歩12分",2.0 km,1.9 km,1K～2K／27m²～38.8m²／8帖～13帖,セパレート（バス・トイレ） / 洗濯機置場(室内) / 温水洗浄便座 / フローリング / バルコニー / 収納 / シューズケース / インターフォン / エアコン / オール電化(ガス無し),インターネット対応 / オートロック / 駐輪場
ビアベルデ津島,https://unilife.co.jp/view/1001734,4.5万円 ～ 4.7万円,岡山県岡山市北区津島福居1丁目13-39,"岡電バス「福居1丁目」停徒歩4分
ＪＲ津山線「法界院」駅 自転車8分(約1.8km)",3.1 km,1.8 km,1K／30m²／10帖,セパレート（バス・トイレ） / 独立洗面化粧台 / 洗濯機置場(室内) / 温水洗浄便座 / ガスコンロ(持込) / フローリング / バルコニー / 収納 / シューズケース,BSアンテナ / インターネット対応（無料） / 駐車場(任意) / 駐輪場
シャインブライト学南,https://unilife.co.jp/view/700970,3.8万円,岡山県岡山市北区学南町2丁目5-12,"岡電バス「岡山大学筋」停徒歩2分
ＪＲ津山線「法界院」駅 徒歩11分
ＪＲ山陽本線「西川原」駅 自転車10分(約2.2km)
ＪＲ山陽本線「岡山」駅 自転車10分(約2.2km)",2.0 km,1.9 km,1K／21m²／6帖,セパレート（バス・トイレ） / 洗濯機置場(室内) / 温水洗浄便座 / 電気コンロ / 居室照明器具 / バルコニー / 収納 / シューズケース / インターフォン / エアコン,インターネット対応 / 駐輪場
北村スイード21,https://unilife.co.jp/view/1001218,3万円 ～ 4.7万円,岡山県岡山市北区富原3910,"岡電バス「イズミヤ前」停徒歩4分
ＪＲ津山線「法界院」駅 自転車17分(約4.1km)
ＪＲ吉備線「備前三門」駅 自転車17分(約4.1km)
ＪＲ津山線「備前原」駅 自転車26分(約6.2km)",5.0 km,2.1 km,1K／23m²～30m²／8帖～11.4帖,セパレート（バス・トイレ） / 洗濯機置場(室内) / ガスコンロ(持込) / バルコニー / 収納 / インターフォン / エアコン,インターネット対応 / 駐車場(任意) / 駐輪場
ルマンジュ津高,https://unilife.co.jp/view/703127,3.9万円 ～ 4.1万円,岡山県岡山市北区津高400-2,"岡電バス「半田山ハイツ入口」停徒歩3分
ＪＲ津山線「法界院」駅 自転車15分(約3.6km)",4.8 km,1.9 km,1K／20.37m²／8帖,セパレート（バス・トイレ） / 洗濯機置場(室内) / 温水洗浄便座 / ガスコンロ(1口) / バルコニー / 収納 / シューズケース / インターフォン（TVモニター付) / エアコン,BSアンテナ / オートロック / 防犯カメラ / 駐車場(任意) / 駐輪場
LST Okadai South,https://unilife.co.jp/view/703342,5.6万円 ～ 6.2万円,岡山県岡山市北区津島新野1丁目2-6-2,"岡電バス「岡山大学筋」停徒歩2分
ＪＲ津山線「法界院」駅 徒歩14分",2.1 km,1.7 km,1K／28.92m²／9帖,独立洗面化粧台 / セパレート（バス・トイレ） / 洗濯機置場(室内) / 浴室乾燥機 / 追焚き機能付バス / 温水洗浄便座 / IHコンロ(2口) / IHコンロ / フローリング / シューズケース / WINクローゼット / インターフォン（TVモニター付) / エアコン,BSアンテナ / CSアンテナ / インターネット対応（無料） / オートロック / 防犯カメラ / 宅配BOX / 駐輪場
5thハイツナオイ,https://unilife.co.jp/view/703364,4.4万円 ～ 4.6万円,岡山県岡山市北区津島福居1丁目1-7,"岡電バス「福居入口」停　徒歩1分
ＪＲ津山線「法界院」駅 徒歩17分
ＪＲ山陽本線「岡山」駅 自転車13分(約3.1km)",2.8 km,1.8 km,1K／25m²／7帖,セパレート（バス・トイレ） / 洗濯機置場(室内) / 温水洗浄便座 / IHコンロ / IHコンロ(1口) / フローリング / バルコニー / 収納 / シューズケース / インターフォン（TVモニター付) / エアコン,インターネット対応 / 防犯カメラ / 駐車場(任意) / 駐輪場
NEW OAK,https://unilife.co.jp/view/703560,5.6万円 ～ 6.8万円,岡山県岡山市北区学南町,ＪＲ津山線「法界院」駅 徒歩7分,2.1 km,2.1 km,1R～1LDK／30m²～45m²,セパレート（バス・トイレ） / 洗濯機置場(室内) / システムキッチン / バルコニー / 収納 / インターフォン（TVモニター付) / エアコン,BSアンテナ / インターネット対応（無料） / オートロック / 駐車場(任意) / 駐輪場(原付可)
Visby,https://unilife.co.jp/view/703991,4.8万円 ～ 6万円,岡山県岡山市北区津島新野1丁目3-30,"バス「新野」停　徒歩2分
ＪＲ津山線「法界院」駅 徒歩15分
ＪＲ山陽本線「岡山」駅 自転車11分(約2.5km)",2.0 km,1.6 km,1R／23.3m²～29.5m²／8.3帖～10.2帖,独立洗面化粧台 / セパレート（バス・トイレ） / 洗濯機置場(室内) / 追焚き機能付バス / 温水洗浄便座 / ガスコンロ(2口) / システムキッチン / フローリング / ロフト / 収納 / シューズケース / インターフォン（TVモニター付) / エアコン,BSアンテナ / インターネット対応（無料） / オートロック / 防犯カメラ / 駐輪場
メゾン・ド・ツクラ,https://unilife.co.jp/view/1001268,2.1万円 ～ 3万円,岡山県岡山市北区津倉町2丁目10-7,"中鉄バス「津倉町」停徒歩4分
ＪＲ山陽本線「岡山」駅 徒歩18分
ＪＲ津山線「岡山」駅 徒歩18分
ＪＲ吉備線「岡山」駅 徒歩18分",1.4 km,2.1 km,1K／19.65m²～20m²／6帖,セパレート（バス・トイレ） / 洗濯機置場(室外) / ガスコンロ(持込) / ガスコンロ(1口) / フローリング / バルコニー / 収納 / エアコン,インターネット対応（無料） / 駐輪場
EMMA学南町,https://unilife.co.jp/view/2000118,5.3万円 ～ 5.7万円,岡山県岡山市北区学南町2丁目5-24,"岡電バス「岡山大学筋」停徒歩3分
ＪＲ津山線「法界院」駅 徒歩9分
ＪＲ山陽本線「西川原」駅 自転車10分(約2.2km)
ＪＲ山陽本線「岡山」駅 自転車10分(約2.4km)",2.0 km,2.0 km,1K／34.02m²／10.8帖,セパレート（バス・トイレ） / 独立洗面化粧台 / 洗濯機置場(室内) / 温水洗浄便座 / ガスコンロ(2口) / バルコニー / フローリング / 収納 / シューズケース / インターフォン（TVモニター付) / エアコン,CATV / インターネット対応（無料） / オートロック / 駐輪場 / 駐車場(任意)
パラッツオ21,https://unilife.co.jp/view/702265,3.7万円 ～ 3.9万円,岡山県岡山市北区学南町1丁目1-21,"岡電バス「スポーツセンター前」停徒歩2分
ＪＲ津山線「法界院」駅 徒歩13分",1.5 km,2.3 km,1K／22.95m²～25.07m²／7.5帖,セパレート（バス・トイレ） / 洗濯機置場(室内) / 温水洗浄便座 / ガスコンロ(1口) / フローリング / バルコニー / 収納 / シューズケース / インターフォン（TVモニター付) / エアコン,インターネット対応 / 駐車場(任意) / 駐輪場
プロムナード・ル・ソレイユ,https://unilife.co.jp/view/703337,5万円 ～ 5.6万円,岡山県岡山市北区学南町2丁目8-38-1,"岡電バス「岡大入口」停徒歩4分
ＪＲ津山線「法界院」駅 徒歩8分
ＪＲ山陽本線「岡山」駅 自転車11分(約2.6km)",2.3 km,2.2 km,1K／24.91m²～29.81m²／6.3帖～7帖,セパレート（バス・トイレ） / 独立洗面化粧台 / 洗濯機置場(室内) / 温水洗浄便座 / 追焚き機能付バス / ガスコンロ(1口) / ガスコンロ(2口) / 収納 / インターフォン（TVモニター付) / エアコン / 個別給湯（ガス）,インターネット対応（無料） / 防犯カメラ / 駐輪場
ラフィネ,https://unilife.co.jp/view/1001934,4万円 ～ 4.4万円,岡山県岡山市北区学南町3丁目7-19,"岡電バス「岡山大学筋」停徒歩7分
ＪＲ津山線「法界院」駅 徒歩6分
ＪＲ山陽本線「西川原」駅 自転車9分(約2.1km)
岡山電気軌道東山本線「柳川」駅 自転車11分(約2.6km)",2.3 km,2.3 km,1K／27.75m²／7.2帖～8帖,セパレート（バス・トイレ） / 洗濯機置場(室内) / ガスコンロ(1口) / 居室照明器具 / バルコニー / 収納 / シューズケース / エアコン,BSアンテナ / インターネット対応 / 駐輪場
サンステージ南方,https://unilife.co.jp/view/703010,4.6万円 ～ 4.9万円,岡山県岡山市北区南方４丁目6-14,ＪＲ津山線「法界院」駅 徒歩13分,1.6 km,2.5 km,1K／28.46m²～30.18m²／9帖,セパレート（バス・トイレ） / 洗濯機置場(室内) / 温水洗浄便座 / 暖房便座 / ガスコンロ(持込) / フローリング / バルコニー / 収納 / シューズケース / エアコン,インターネット対応（無料） / オートロック / 宅配BOX / 駐輪場
ジュネスEMMA,https://unilife.co.jp/view/2000508,4.3万円 ～ 4.5万円,岡山県岡山市北区伊福町3丁目2-11,"バス「伊福町1丁目」停徒歩1分
ＪＲ山陽本線「岡山」駅 徒歩13分
ＪＲ津山線「岡山」駅 徒歩13分
ＪＲ吉備線「岡山」駅 徒歩13分",750 m,2.4 km,1K／26.5m²／8帖,セパレート（バス・トイレ） / 洗濯機置場(室内) / 温水洗浄便座 / ガスコンロ(持込) / ガスコンロ(2口) / 居室照明器具 / バルコニー / 収納 / シューズケース / インターフォン / エアコン,BSアンテナ / インターネット対応 / 駐車場(任意) / 駐輪場(原付可)
シャインブライト北方,https://unilife.co.jp/view/700973,3.3万円 ～ 3.8万円,岡山県岡山市北区北方2丁目6-2,"岡電バス「植物園口」停徒歩3分
ＪＲ津山線「法界院」駅 徒歩10分",3.2 km,3.3 km,1K／18.68m²／6帖,セパレート（バス・トイレ） / 独立洗面化粧台 / 洗濯機置場(室内) / ガスコンロ(1口) / 居室照明器具 / フローリング / バルコニー / 収納 / シューズケース / エアコン,インターネット対応 / 駐輪場
サンステージ広瀬町,https://unilife.co.jp/view/702019,5.7万円 ～ 5.9万円,岡山県岡山市北区広瀬町2-10,"バス「長泉寺」停徒歩3分
ＪＲ津山線「法界院」駅 徒歩16分
ＪＲ山陽本線「西川原」駅 自転車8分(約1.9km)
岡山電気軌道東山本線「柳川」駅 徒歩16分",1.5 km,2.9 km,1K／30.11m²／10帖,セパレート（バス・トイレ） / 独立洗面化粧台 / 洗濯機置場(室内) / 浴室乾燥機 / 追焚き機能付バス / 温水洗浄便座 / ガスコンロ(2口) / システムキッチン / バルコニー / フローリング / 収納 / シューズケース / インターフォン（TVモニター付) / 暗証番号式キー / エアコン,インターネット対応（無料） / オートロック / 宅配BOX / 駐輪場
シャインブライト寿Ⅰ・Ⅱ,https://unilife.co.jp/view/1002047,3.8万円 ～ 4.3万円,岡山県岡山市北区寿町8-20,"岡電バス「奉還町」停徒歩3分
ＪＲ山陽本線「岡山」駅 徒歩8分",550 m,2.6 km,1K／25.42m²～27m²／8帖,セパレート（バス・トイレ） / 洗濯機置場(室内) / ガスコンロ(1口) / 電気コンロ / 居室照明器具 / フローリング / バルコニー / 収納 / シューズケース / エアコン,BSアンテナ / インターネット対応 / 駐車場(任意) / 駐輪場
FAMILLEミモザ,https://unilife.co.jp/view/2000506,6万円,岡山県岡山市北区富町2丁目9-7,ＪＲ山陽本線「岡山」駅 徒歩10分,800 m,2.8 km,2LDK／43m²～50m²／23帖,セパレート（バス・トイレ） / 洗濯機置場(室内) / 温水洗浄便座 / ガスコンロ(持込) / バルコニー / 収納 / シューズケース / インターフォン / エアコン,インターネット対応 / オートロック / 駐車場(任意) / 駐輪場(原付可)
ミルフォード定森Ⅰ,https://unilife.co.jp/view/701305,3.8万円 ～ 4万円,岡山県岡山市北区津島西坂2丁目6-3,ＪＲ吉備線「備前三門」駅 自転車11分(約2.6km),2.9 km,450 m,1K／25m²／7.7帖,セパレート（バス・トイレ） / 洗濯機置場(室内) / 電気コンロ / バルコニー / シューズケース / 収納,インターネット対応（無料） / 駐輪場 / 駐車場(任意)
グランルームひまわり,https://unilife.co.jp/view/702416,3.7万円 ～ 4万円,岡山県岡山市北区津島西坂2丁目4-4,"岡電バス「明誠学院前」停徒歩1分
ＪＲ吉備線「備前三門」駅 自転車11分(約2.5km)
ＪＲ津山線「法界院」駅 自転車10分(約2.3km)
ＪＲ山陽本線「岡山」駅 自転車13分(約3.0km)",2.7 km,450 m,1K／24.9m²～27.96m²／9.5帖,セパレート（バス・トイレ） / 洗濯機置場(室内) / IHコンロ(1口) / フローリング / 収納 / インターフォン（TVモニター付) / エアコン,インターネット対応 / 駐輪場
グリーンハイツ津島,https://unilife.co.jp/view/700999,5.9万円 ～ 6.4万円,岡山県岡山市北区津島西坂1丁目1-33,"岡電バス「西坂入口」停徒歩2分
ＪＲ吉備線「備前三門」駅 自転車11分(約2.5km)
ＪＲ津山線「法界院」駅 自転車9分(約2.2km)
ＪＲ山陽新幹線「岡山」駅 自転車12分(約2.8km)",2.5 km,600 m,2LDK／36.5m²～54.8m²,セパレート（バス・トイレ） / 洗濯機置場(室内) / ガスコンロ(1口) / 収納 / エアコン,BSアンテナ / インターネット対応（無料） / エレベーター / 駐車場(任意) / 駐輪場
クラフト津島,https://unilife.co.jp/view/701499,3万円 ～ 4.2万円,岡山県岡山市北区津島西坂2丁目10-25,"岡電バス「明誠学院前」停徒歩6分
ＪＲ津山線「法界院」駅 自転車9分(約2.2km)
ＪＲ吉備線「備前三門」駅 自転車11分(約2.6km)
ＪＲ山陽本線「岡山」駅 自転車12分(約2.9km)",2.6 km,750 m,1K／21.7m²／7.5帖,セパレート（バス・トイレ） / 洗濯機置場(室内) / 温水洗浄便座 / ガスコンロ(持込) / フローリング / 収納 / シューズケース / インターフォン（TVモニター付) / エアコン,インターネット対応 / 駐車場(任意) / 駐輪場
クレセール津島,https://unilife.co.jp/view/701669,4.7万円 ～ 6.3万円,岡山県岡山市北区津島南１丁目1-8,"バス「武道館口」停徒歩1分
ＪＲ津山線「法界院」駅 徒歩19分
ＪＲ山陽本線「岡山」駅 自転車11分(約2.5km)
ＪＲ津山線「岡山」駅 自転車11分(約2.5km)",2.1 km,1.2 km,1K～1LDK／34.26m²～46.05m²／10.5帖～17.5帖,セパレート（バス・トイレ） / 独立洗面化粧台 / 洗濯機置場(室内) / 温水洗浄便座 / 浴室乾燥機 / IHコンロ(1口) / フローリング / バルコニー / 収納 / シューズケース / エアコン / オール電化(ガス無し),駐輪場 / バイク置場(任意)
プラゼール津島,https://unilife.co.jp/view/702221,4.7万円,岡山県岡山市北区津島本町5-10,"岡電バス「妙善寺」停徒歩5分
ＪＲ津山線「法界院」駅 自転車9分(約2.2km)
ＪＲ吉備線「備前三門」駅 自転車12分(約2.9km)
ＪＲ山陽新幹線「岡山」駅 自転車13分(約3.1km)",2.9 km,1.0 km,1K／30.69m²／9帖,セパレート（バス・トイレ） / 独立洗面化粧台 / 洗濯機置場(室内) / ガスコンロ(1口) / バルコニー / 収納 / シューズケース / インターフォン（TVモニター付) / エアコン,駐車場(任意) / 駐輪場
カーサシエテ,https://unilife.co.jp/view/701986,4.35万円,岡山県岡山市北区津島南2丁目7-4,"岡電バス「津島新道」停徒歩5分
ＪＲ津山線「法界院」駅 自転車8分(約1.9km)
ＪＲ吉備線「備前三門」駅 自転車12分(約2.7km)
ＪＲ山陽新幹線「岡山」駅 自転車12分(約2.7km)",2.4 km,1.1 km,1K／29.81m²／9帖,セパレート（バス・トイレ） / 洗濯機置場(室内) / ガスコンロ(1口) / フローリング / バルコニー / 収納 / シューズケース / インターフォン / エアコン,BSアンテナ / 駐車場(任意) / 駐輪場
アンソレイエ,https://unilife.co.jp/view/701494,4.8万円 ～ 5万円,岡山県岡山市北区津島福居1丁目12-16,"岡電バス「福居」停徒歩4分
ＪＲ津山線「法界院」駅 自転車9分(約2.0km)
ＪＲ山陽本線「西川原」駅 自転車16分(約3.7km)
ＪＲ山陽本線「岡山」駅 自転車16分(約3.7km)",3.2 km,1.7 km,1K／30m²／10帖,セパレート（バス・トイレ） / 洗濯機置場(室内) / 温水洗浄便座 / 浴室乾燥機 / ガスコンロ(持込) / フローリング / 収納 / シューズケース / インターフォン / エアコン,BSアンテナ / インターネット対応（無料） / オートロック / 駐車場(任意) / 駐輪場
マ・メゾン津島福居,https://unilife.co.jp/view/702262,3.7万円 ～ 3.8万円,岡山県岡山市北区津島福居1丁目14-6,"岡電バス「福居2丁目」停徒歩2分
ＪＲ津山線「法界院」駅 自転車8分(約1.8km)
ＪＲ山陽本線「西川原」駅 自転車15分(約3.4km)
ＪＲ山陽新幹線「岡山」駅 自転車15分(約3.4km)",3.1 km,1.9 km,1K／23.18m²／8帖,セパレート（バス・トイレ） / 洗濯機置場(室内) / ガスコンロ(1口) / バルコニー / 収納 / インターフォン（TVモニター付) / エアコン,BSアンテナ / 駐輪場
プレジィール京山,https://unilife.co.jp/view/1002650,2.5万円,岡山県岡山市北区京山1丁目13-7,"岡電バス「児童公園」停徒歩6分
ＪＲ吉備線「備前三門」駅 徒歩14分
ＪＲ山陽新幹線「岡山」駅 自転車9分(約2.1km)
ＪＲ山陽本線「岡山」駅 自転車9分(約2.1km)",1.9 km,2.0 km,1K／20m²／6帖～7帖,セパレート（バス・トイレ） / 洗濯機置場(室内) / ガスコンロ(1口) / フローリング / バルコニー / 収納 / シューズケース / インターフォン / エアコン,駐輪場
オルセー・エマーリ,https://unilife.co.jp/view/701648,6.8万円 ～ 6.9万円,岡山県岡山市北区学南町１丁目5-12,"バス「岡山放送前」停徒歩1分
ＪＲ津山線「法界院」駅 徒歩11分
ＪＲ山陽本線「西川原」駅 自転車9分(約2.1km)
ＪＲ山陽本線「岡山」駅 自転車9分(約2.1km)",1.8 km,2.1 km,2DK／42.92m²／18.3帖,セパレート（バス・トイレ） / 独立洗面化粧台 / 洗濯機置場(室内) / ガスコンロ(持込) / ガスコンロ(2口) / フローリング / バルコニー / 収納 / シューズケース / インターフォン（TVモニター付) / エアコン,BSアンテナ / 駐輪場 / 駐車場(任意)
サンハイツ岡大Ⅱ,https://unilife.co.jp/view/701241,4.3万円 ～ 4.5万円,岡山県岡山市北区津島新野1丁目2-22,ＪＲ津山線「法界院」駅 徒歩14分,2.1 km,1.7 km,1K／24m²／8帖,セパレート（バス・トイレ） / 洗濯機置場(室内) / 温水洗浄便座 / ガスコンロ(持込) / フローリング / バルコニー / 収納 / シューズケース / インターフォン / エアコン,BSアンテナ / インターネット対応（無料） / 駐輪場
伊福ビューアレイ,https://unilife.co.jp/view/700370,3.7万円 ～ 4万円,岡山県岡山市北区伊福町1丁目3-5,"岡電バス「済生会病院前」停徒歩3分
ＪＲ山陽本線「岡山」駅 徒歩8分",500 m,2.6 km,1K／20.09m²／7帖～10帖,セパレート（バス・トイレ） / 洗濯機置場(室内) / ガスコンロ(2口) / システムキッチン / 居室照明器具 / フローリング / バルコニー / 収納 / シューズケース / エアコン,インターネット対応（無料） / 駐輪場
プレアール清心,https://unilife.co.jp/view/701445,3.7万円 ～ 3.9万円,岡山県岡山市北区清心町359-11,"岡電バス「清心町」停徒歩4分
ＪＲ山陽本線「岡山」駅 徒歩14分
ＪＲ津山線「岡山」駅 徒歩14分
ＪＲ吉備線「岡山」駅 徒歩14分",900 m,2.4 km,1K／21.2m²／6帖～8帖,セパレート（バス・トイレ） / 洗濯機置場(室内) / フローリング / 収納 / エアコン,インターネット対応（無料） / 駐輪場
メゾンド・モネ,https://unilife.co.jp/view/701641,4万円,岡山県岡山市北区学南町2丁目6-66,"岡電バス「岡山大学前」停徒歩3分
ＪＲ津山線「法界院」駅 徒歩10分
ＪＲ山陽本線「西川原」駅 自転車10分(約2.2km)
ＪＲ山陽新幹線「岡山」駅 自転車10分(約2.4km)",2.0 km,2.0 km,1K／20.28m²～23.18m²／6帖～7帖,セパレート（バス・トイレ） / 洗濯機置場(室内) / 電気コンロ / バルコニー / 収納 / エアコン,インターネット対応（無料） / 駐輪場
will do岡山駅西口,https://unilife.co.jp/view/1004617,5.2万円 ～ 7.7万円,岡山県岡山市北区昭和町11-17,ＪＲ山陽本線「岡山」駅 徒歩9分,700 m,2.8 km,1R～1LDK／27.3m²～40.95m²／7.8帖～15.5帖,セパレート（バス・トイレ） / 洗濯機置場(室内) / 温水洗浄便座 / 浴室乾燥機 / ガスコンロ(2口) / システムキッチン / バルコニー / フローリング / 収納 / シューズケース / インターフォン（TVモニター付) / エアコン,インターネット対応 / オートロック / エレベーター / 駐輪場
クワィエット,https://unilife.co.jp/view/1004223,3.5万円 ～ 3.8万円,岡山県岡山市北区伊福町2丁目17-4,"岡電バス「清心町」停徒歩4分
ＪＲ山陽本線「岡山」駅 徒歩12分
ＪＲ津山線「岡山」駅 徒歩10分
ＪＲ吉備線「岡山」駅 徒歩10分",900 m,2.3 km,1K／21m²／6.5帖,セパレート（バス・トイレ） / 洗濯機置場(室内) / ガスコンロ(持込) / フローリング / バルコニー / 収納 / エアコン,インターネット対応 / 駐輪場
コーポユーカリ,https://unilife.co.jp/view/702162,3.3万円,岡山県岡山市北区清心町17-9,"岡電バス「清心町」停徒歩3分
ＪＲ山陽本線「岡山」駅 徒歩15分
ＪＲ津山線「岡山」駅 徒歩15分
ＪＲ吉備線「岡山」駅 徒歩15分",1.0 km,2.3 km,1K／22m²／7帖,セパレート（バス・トイレ） / 洗濯機置場(室内) / ガスコンロ(1口) / 居室照明器具 / フローリング / 収納 / インターフォン（TVモニター付) / エアコン,駐輪場
セントラルパーク絵図町,https://unilife.co.jp/view/702792,4.8万円 ～ 5.2万円,岡山県岡山市北区絵図町4-22,"バス「野球場口」停徒歩3分
ＪＲ山陽本線「岡山」駅 徒歩18分
ＪＲ津山線「岡山」駅 徒歩18分
ＪＲ吉備線「岡山」駅 徒歩18分",1.2 km,2.2 km,1K／23m²／8.5帖,セパレート（バス・トイレ） / 洗濯機置場(室内) / 温水洗浄便座 / IHコンロ / IHコンロ(1口) / フローリング / バルコニー / 収納 / シューズケース / エアコン,BSアンテナ / 防犯カメラ / エレベーター / 駐車場(任意) / 駐輪場
コーポ大陽津島,https://unilife.co.jp/view/702305,3万円 ～ 3.3万円,岡山県岡山市北区津島東3丁目4-10-3,"岡電バス「岡山理科大学」停徒歩5分
ＪＲ津山線「法界院」駅 徒歩15分
ＪＲ山陽本線「西川原」駅 自転車13分(約3.0km)
ＪＲ津山線「備前原」駅 自転車14分(約3.3km)",3.6 km,3.1 km,1K／23m²／6帖,セパレート（バス・トイレ） / 洗濯機置場(室内) / ガスコンロ(持込) / 居室照明器具 / フローリング / バルコニー / 収納 / エアコン,インターネット対応 / 駐輪場
エスペランサ21,https://unilife.co.jp/view/702270,4.5万円 ～ 5万円,岡山県岡山市北区大和町1丁目13-8,"岡電バス「御野校前」停徒歩3分
ＪＲ津山線「法界院」駅 徒歩10分",2.0 km,2.7 km,1K／26m²～34.76m²／8.5帖～12.4帖,セパレート（バス・トイレ） / 洗濯機置場(室内) / ガスコンロ(1口) / フローリング / バルコニー / 収納 / シューズケース / エアコン,インターネット対応 / 駐車場(任意) / 駐輪場
ドミールTOMO,https://unilife.co.jp/view/702263,3.8万円 ～ 3.9万円,岡山県岡山市北区津島東3丁目1-12,"岡電バス「津島東3丁目」停徒歩2分
ＪＲ津山線「法界院」駅 徒歩9分
ＪＲ山陽本線「西川原」駅 自転車11分(約2.5km)
ＪＲ津山線「備前原」駅 自転車12分(約2.8km)",3.2 km,3.0 km,1K／23.18m²／7.5帖,セパレート（バス・トイレ） / 洗濯機置場(室内) / ガスコンロ(1口) / 収納 / インターフォン / エアコン,BSアンテナ / 駐車場(任意) / 駐輪場
ラ・ビューニシ,https://unilife.co.jp/view/701979,4.1万円 ～ 4.6万円,岡山県岡山市北区奉還町2丁目12-12,"ＪＲ山陽本線「岡山」駅 徒歩10分
ＪＲ津山線「岡山」駅 徒歩10分
ＪＲ山陽新幹線「岡山」駅 徒歩10分",500 m,2.6 km,1K／23m²～26m²／7.1帖～9帖,セパレート（バス・トイレ） / 洗濯機置場(室内) / 温水洗浄便座 / IHコンロ / IHコンロ(1口) / フローリング / バルコニー / 収納 / シューズケース / インターフォン / エアコン,CATV / オートロック / 防犯カメラ / 駐輪場
フロンティア北方,https://unilife.co.jp/view/923464,4.7万円 ～ 5.3万円,岡山県岡山市北区北方1丁目81,ＪＲ津山線「法界院」駅 徒歩4分,2.6 km,3.1 km,1R～1K／27.4m²～32.6m²／8.5帖～13.2帖,セパレート（バス・トイレ） / 独立洗面化粧台 / 洗濯機置場(室内) / 温水洗浄便座 / ガスコンロ(2口) / 居室照明器具 / バルコニー / フローリング / 小窓(出窓) / 収納 / インターフォン（TVモニター付) / エアコン,インターネット対応（無料） / オートロック / 駐輪場(原付可)
サクセス,https://unilife.co.jp/view/2000680,4.5万円 ～ 4.8万円,岡山県岡山市北区北方1丁目14-11,ＪＲ津山線「法界院」駅 徒歩7分,2.7 km,3.1 km,1K／23.18m²～26.49m²／7帖～8帖,セパレート（バス・トイレ） / 洗濯機置場(室内) / ガスコンロ(1口) / フローリング / 収納 / シューズケース / インターフォン / エアコン,駐車場(任意) / 駐輪場
リバージュ津島東,https://unilife.co.jp/view/11324,4.9万円 ～ 5.1万円,岡山県岡山市北区津島東4丁目8-12,"岡電バス「津島東3丁目」停　徒歩2分
ＪＲ津山線「法界院」駅 徒歩12分",3.5 km,2.8 km,1K／23.79m²／6.8帖,セパレート（バス・トイレ） / 独立洗面化粧台 / 洗濯機置場(室内) / 追焚き機能付バス / 温水洗浄便座 / IHコンロ(2口) / 居室照明器具 / バルコニー / フローリング / シューズケース / 吊棚 / 収納 / インターフォン（TVモニター付) / 防犯ディンプルキー / エアコン / 個別給湯（ガス）,プロパンガス / インターネット対応 / オートロック / 宅配BOX / 駐輪場(原付可)
ルボン津島Ⅰ,https://unilife.co.jp/view/10298,4万円 ～ 4.2万円,岡山県岡山市北区津島東4丁目6-9-3,"岡電バス「津島東3丁目」停徒歩5分
ＪＲ津山線「法界院」駅 徒歩15分",3.7 km,2.7 km,1K／23.6m²～24.1m²／7.5帖～8帖,セパレート（バス・トイレ） / 洗濯機置場(室内) / 温水洗浄便座 / ガスコンロ(持込) / 居室照明器具 / フローリング / 収納 / エアコン,インターネット対応 / 駐車場(任意) / 駐輪場(原付可)
ルボン津島Ⅱ,https://unilife.co.jp/view/10299,4.5万円 ～ 5万円,岡山県岡山市北区津島東4丁目6-9-3,"岡電バス「津島東3丁目」停徒歩5分
ＪＲ津山線「法界院」駅 徒歩15分",3.7 km,2.7 km,1K／26.88m²～35.93m²／8.5帖～13帖,セパレート（バス・トイレ） / 洗濯機置場(室内) / 温水洗浄便座 / ガスコンロ(持込) / 居室照明器具 / フローリング / バルコニー / 収納 / シューズケース / インターフォン / エアコン,インターネット対応 / 駐車場(任意) / 駐輪場(原付可)
テクノトピア,https://unilife.co.jp/view/10438,3.6万円 ～ 4万円,岡山県岡山市北区津島東4丁目10-39-3,"岡電バス「津島東3丁目」停徒歩3分
ＪＲ津山線「法界院」駅 徒歩13分",3.6 km,2.9 km,1K／19.87m²／6帖,セパレート（バス・トイレ） / 洗濯機置場(室内) / 浴室乾燥機 / IHコンロ(1口) / フローリング / 収納 / エアコン,BSアンテナ / インターネット対応 / 駐輪場(原付可)
ドーム21,https://unilife.co.jp/view/11541,3.4万円 ～ 3.65万円,岡山県岡山市北区津島東2丁目8-26,"岡電バス「法界院駅前」停徒歩9分
ＪＲ津山線「法界院」駅 徒歩9分",3.1 km,3.1 km,1K／20.5m²／6帖,セパレート（バス・トイレ） / 洗濯機置場(室内) / 温水洗浄便座 / IHコンロ / IHコンロ(1口) / 居室照明器具 / フローリング / バルコニー / 収納 / インターフォン（TVモニター付) / エアコン,インターネット対応（無料） / 自動販売機 / 駐輪場
ギャラリー北方,https://unilife.co.jp/view/10937,4.4万円 ～ 5.1万円,岡山県岡山市北区北方1丁目4-3-,ＪＲ津山線「法界院」駅 徒歩3分,2.5 km,2.9 km,1R／18.88m²～21.45m²／7.5帖～9帖,セパレート（バス・トイレ） / 洗濯機置場(室内) / 温水洗浄便座 / IHコンロ / 居室照明器具 / バルコニー / 収納 / インターフォン（TVモニター付) / エアコン,インターネット対応（無料） / 防犯カメラ / 宅配BOX / 駐輪場(原付可)
Tsushima higashi Apartment,https://unilife.co.jp/view/701861,2.7万円 ～ 3.45万円,岡山県岡山市北区津島東2丁目10-45,"岡電バス「植物園前」停徒歩5分
ＪＲ津山線「法界院」駅 徒歩11分",3.3 km,3.2 km,1K／17m²～25m²／6帖～8帖,セパレート（バス・トイレ） / 洗濯機置場(室内) / 温水洗浄便座 / IHコンロ(1口) / フローリング / 収納 / インターフォン（TVモニター付) / エアコン,BSアンテナ / インターネット対応（無料） / 駐輪場(原付可)
フィオーレ・K2,https://unilife.co.jp/view/1001285,4.5万円 ～ 5万円,岡山県岡山市北区奉還町4丁目3-23,"中鉄バス「津倉町」停徒歩2分
ＪＲ吉備線「備前三門」駅 徒歩11分
ＪＲ山陽本線「岡山」駅 徒歩14分
ＪＲ津山線「岡山」駅 徒歩14分",1.0 km,2.4 km,1K／23m²／8帖,セパレート（バス・トイレ） / 洗濯機置場(室内) / 温水洗浄便座 / ガスコンロ(持込) / フローリング / バルコニー / 収納 / シューズケース / インターフォン / エアコン,BSアンテナ / インターネット対応（無料） / オートロック / 駐輪場
丸山コーポ,https://unilife.co.jp/view/10168,4.1万円 ～ 4.5万円,岡山県岡山市北区法界院2-3,"岡電バス「植物園前」停徒歩3分
ＪＲ津山線「法界院」駅 徒歩12分",3.3 km,3.4 km,1K／21m²／7.6帖,セパレート（バス・トイレ） / 洗濯機置場(室内) / IHコンロ(1口) / フローリング / バルコニー / 収納 / シューズケース / エアコン / オール電化(ガス無し),BSアンテナ / CSアンテナ / インターネット対応 / 駐輪場(原付可)
PURE VERDE South　北方,https://unilife.co.jp/view/1004782,5万円 ～ 5.3万円,岡山県岡山市北区北方１丁目4-18,ＪＲ津山線「法界院」駅 徒歩3分,2.6 km,2.9 km,1K／27.59m²／8.2帖,セパレート（バス・トイレ） / 独立洗面化粧台 / 洗濯機置場(室内) / 温水洗浄便座 / ガスコンロ(持込) / バルコニー / フローリング / 収納 / シューズケース / インターフォン / エアコン,BSアンテナ / インターネット対応（無料） / オートロック / 駐輪場
菅コーポ,https://unilife.co.jp/view/10211,3.3万円 ～ 3.5万円,岡山県岡山市北区三野2丁目10-3,"岡電バス「水源池」停徒歩4分
ＪＲ津山線「法界院」駅 徒歩13分",3.6 km,3.8 km,1K／23m²／7帖,セパレート（バス・トイレ） / 洗濯機置場(室内) / ガスコンロ(持込) / フローリング / 収納 / エアコン,BSアンテナ / CSアンテナ / インターネット対応 / 駐車場(任意)
グレイス岡山,https://unilife.co.jp/view/1432,3.5万円 ～ 3.9万円,岡山県岡山市北区平和町7-11,"ＪＲ山陽本線「岡山」駅 徒歩10分
岡山電気軌道清輝橋線「郵便局前」駅 徒歩3分",800 m,4.1 km,1R～1DK／22m²／10.5帖,ユニットバス / セパレート（バス・トイレ） / 独立洗面化粧台 / 洗濯機置場(室内) / ガスコンロ(持込) / 居室照明器具 / バルコニー / フローリング / 収納 / シューズケース / エアコン,CATV / インターネット対応 / フロント手動ロック / オートロック / エレベーター
アミーゴ大供,https://unilife.co.jp/view/11428,3.55万円 ～ 4.7万円,岡山県岡山市北区大供2丁目12-2,"岡電バス 「大供」停から徒歩3分
ＪＲ山陽本線「岡山」駅 徒歩17分
ＪＲ宇野線「大元」駅 徒歩16分",1.3 km,4.3 km,1K／21m²～31.5m²／7.3帖～11.5帖,ユニットバス / セパレート（バス・トイレ） / 洗濯機置場(室内) / 温水洗浄便座 / IHコンロ / 居室照明器具 / バルコニー / フローリング / シューズケース / 収納 / インターフォン（TVモニター付) / エアコン,BSアンテナ / CSアンテナ / インターネット対応（無料） / オートロック / 駐輪場(原付可) / 駐車場(任意)
アトーレ野田,https://unilife.co.jp/view/1364,"4.95万円 ～ 5.55万円
（1LDKタイプ：5.7万円～5.85万円）",岡山県岡山市北区野田1丁目13-9,"岡電バス「大供新屋敷」停徒歩7分
ＪＲ山陽本線「岡山」駅 自転車10分(約2.3km)
ＪＲ宇野線「大元」駅 徒歩14分",2.2 km,4.2 km,1DK～1LDK／29.75m²～38.82m²／13.1帖～17.5帖,独立洗面化粧台 / セパレート（バス・トイレ） / 洗濯機置場(室内) / 浴室乾燥機 / 温水洗浄便座 / IH+RHコンロ(2口) / システムキッチン / 家電付(一部) / 居室照明器具 / 玄関センサー感知ライト / バルコニー / フローリング / 収納 / シューズケース / 吊棚 / インターフォン（TVモニター付) / 暗証番号式キー / エアコン / 個別給湯（ガス）,プロパンガス / CATV / インターネット(Wi-Fi対応) / オートロック / 防犯カメラ / エレベーター / 浄水器設置(共用) / 宅配BOX / 駐車場(任意) / 駐輪場(原付可)
りひあハウス,https://unilife.co.jp/view/1300,3.6万円 ～ 4.4万円,岡山県岡山市北区大供表町1-8,"岡電バス「水道局前」停徒歩1分
ＪＲ瀬戸大橋線「大元」駅 徒歩9分
ＪＲ宇野線「大元」駅 徒歩9分
ＪＲ山陽本線「岡山」駅 徒歩18分",1.5 km,4.5 km,1R／22m²～23.89m²／6.3帖～8帖,セパレート（バス・トイレ） / 洗濯機置場(室内) / 温水洗浄便座 / IHコンロ(1口) / 居室照明器具 / フローリング / バルコニー / 収納 / インターフォン（TVモニター付) / エアコン / オール電化(ガス無し) / 個別給湯（電気温水器）,CATV / インターネット対応（無料） / オートロック / 防犯カメラ / 駐輪場(原付可)
Lumiere,https://unilife.co.jp/view/11603,5.4万円 ～ 6万円,岡山県岡山市北区東古松3丁目2-33,ＪＲ宇野線「大元」駅 徒歩7分,2.2 km,4.9 km,1K／31.1m²～31.11m²／10帖,独立洗面化粧台 / セパレート（バス・トイレ） / 洗濯機置場(室内) / 浴室乾燥機 / 追焚き機能付バス / 温水洗浄便座 / IHコンロ(2口) / 居室照明器具 / バルコニー / フローリング / 収納 / シューズケース / インターフォン（TVモニター付) / 防犯ディンプルキー / エアコン / 個別給湯（ガス）,プロパンガス / BSアンテナ / インターネット対応（無料） / オートロック / 防犯カメラ / エレベーター / 宅配BOX / 駐輪場(原付可)
ファーストステージ大供,https://unilife.co.jp/view/10663,5.2万円 ～ 5.8万円,岡山県岡山市北区大供1丁目6-14,"岡電バス「大学病院入口」停徒歩6分
ＪＲ山陽本線「岡山」駅 徒歩18分
ＪＲ宇野線「岡山」駅 徒歩18分
岡山電気軌道清輝橋線「東中央町」駅 徒歩4分",1.5 km,4.8 km,1LDK／33m²／13.2帖,独立洗面化粧台 / セパレート（バス・トイレ） / 洗濯機置場(室内) / 温水洗浄便座 / IHコンロ(1口) / 居室照明器具 / フローリング / 収納 / シューズケース / インターフォン（TVモニター付) / 防犯ディンプルキー / エアコン / オール電化(ガス無し),BSアンテナ / CSアンテナ / インターネット対応 / オートロック / 防犯カメラ / 宅配BOX / 駐輪場(原付可)
Casa Felice,https://unilife.co.jp/view/11471,5.5万円 ～ 6.9万円,岡山県岡山市北区春日町4-10,"岡電バス「大学病院入口」停　徒歩5分
岡山電気軌道清輝橋線「清輝橋」駅 徒歩5分
ＪＲ山陽本線「岡山」駅 徒歩18分
岡山電気軌道清輝橋線「大雲寺前」駅 徒歩8分",1.5 km,4.8 km,1K／30.13m²～30.24m²／10帖,独立洗面化粧台 / セパレート（バス・トイレ） / 洗濯機置場(室内) / 浴室乾燥機 / 追焚き機能付バス / 温水洗浄便座 / IHコンロ(2口) / バルコニー / フローリング / シューズケース / 収納 / インターフォン（TVモニター付) / エアコン,BSアンテナ / CSアンテナ / インターネット対応（無料） / オートロック / 防犯カメラ / エレベーター / 宅配BOX / 駐輪場(原付可)
プチメゾン東古松,https://unilife.co.jp/view/11321,"3.9万円 ～ 4.1万円
（2DKタイプ：4.8万円）",岡山県岡山市北区東古松1丁目2-9,"岡電バス「東古松4丁目」停 徒歩4分
ＪＲ宇野線「大元」駅 徒歩12分",1.9 km,5.0 km,1R～2DK／22m²～24.7m²／6帖～8帖,セパレート（バス・トイレ） / 洗濯機置場(室内) / 温水洗浄便座 / ガスコンロ(持込) / IHコンロ(1口) / 居室照明器具 / フローリング / バルコニー / 収納 / シューズケース / インターフォン / エアコン,駐車場(任意) / 駐輪場(原付可)
ユニエトワール岡山医大東（旧称：メゾン医大東）,https://unilife.co.jp/view/10489,"3.8万円 ～ 4.35万円
（10F 1LDKタイプ：5.6万円～5.9万円）",岡山県岡山市北区清輝橋2丁目1-35,"岡電バス「大学病院入口」停徒歩2分
岡山電気軌道清輝橋線「清輝橋」駅 徒歩4分
岡山電気軌道清輝橋線「東中央町」駅 徒歩7分
ＪＲ山陽本線「岡山」駅 自転車8分(約1.8km)",1.8 km,5.1 km,1R～1LDK／19.5m²／7帖,セパレート（バス・トイレ） / 洗濯機置場(室内) / 温水洗浄便座 / ガスコンロ(1口) / 家具家電付(一部) / バルコニー / フローリング / 収納 / シューズケース / インターフォン（TVモニター付) / エアコン / 個別給湯（ガス）,プロパンガス / BSアンテナ / CSアンテナ / インターネット(Wi-Fi対応) / オートロック / 防犯カメラ（ユニセーフ24仕様） / エレベーター / 宅配BOX / 駐輪場(原付可)
サンパレス東古松,https://unilife.co.jp/view/10609,4.95万円 ～ 5.5万円,岡山県岡山市北区東古松1丁目10-3,"岡電バス「東古松4丁目」停徒歩5分
ＪＲ瀬戸大橋線「大元」駅 徒歩9分
岡山電気軌道清輝橋線「清輝橋」駅 徒歩13分
岡山電気軌道清輝橋線「東中央町」駅 徒歩17分",2.0 km,5.0 km,1R～1K／29.61m²～29.88m²／10帖～11.1帖,独立洗面化粧台 / セパレート（バス・トイレ） / 洗濯機置場(室内) / 温水洗浄便座 / 浴室乾燥機 / ガスコンロ(2口) / システムキッチン / バルコニー / フローリング / 収納 / シューズケース / 吊棚 / インターフォン（TVモニター付) / 防犯ディンプルキー / エアコン / 個別給湯（ガス）,プロパンガス / BSアンテナ / CSアンテナ / インターネット対応（無料） / オートロック / 防犯カメラ / エレベーター / 宅配BOX / 駐輪場(原付可) / 駐車場(任意)
Casa Grande医大前,https://unilife.co.jp/view/11359,5.4万円 ～ 6.2万円,岡山県岡山市北区清輝橋1丁目6-7,"岡電バス「大学病院入口」停　徒歩２分
岡山電気軌道清輝橋線「清輝橋」駅 徒歩4分
ＪＲ山陽本線「岡山」駅 自転車8分(約1.8km)",1.8 km,5.1 km,1K／30.24m²～30.74m²／10帖,独立洗面化粧台 / セパレート（バス・トイレ） / 洗濯機置場(室内) / 浴室乾燥機 / 追焚き機能付バス / 温水洗浄便座 / IHコンロ(2口) / バルコニー / フローリング / シューズケース / 収納 / インターフォン（TVモニター付) / エアコン,BSアンテナ / CSアンテナ / インターネット対応（無料） / オートロック / 防犯カメラ / エレベーター / 宅配BOX / 駐車場(任意) / 駐輪場(原付可)
パティオ東古松,https://unilife.co.jp/view/1368,4.8万円 ～ 5.75万円,岡山県岡山市北区東古松4丁目6-38,"岡電バス「東古松4丁目」停徒歩4分
ＪＲ宇野線「大元」駅 徒歩10分
岡山電気軌道清輝橋線「清輝橋」駅 徒歩15分",2.3 km,5.2 km,1K～1SLDK／27.9m²～32.4m²／10.8帖～14.6帖,セパレート（バス・トイレ） / 独立洗面化粧台 / 洗濯機置場(室内) / 温水洗浄便座 / ガスコンロ(2口) / システムキッチン / 家具付(一部) / 玄関センサー感知ライト / 居室照明器具 / 専用庭 / バルコニー / フローリング / 収納 / シューズケース / 吊棚 / インターフォン（TVモニター付) / 暗証番号式キー / エアコン / 個別給湯（ガス）,プロパンガス / BSアンテナ / CSアンテナ / インターネット(Wi-Fi対応) / オートロック / 防犯カメラ / エレベーター / 浄水器設置(共用) / 花粉除去エアシャワー / 宅配BOX / 駐車場(任意) / 駐輪場(原付可)
フォレスタ岡山医大東,https://unilife.co.jp/view/1371,4.55万円 ～ 5.6万円,岡山県岡山市北区清輝橋3丁目1-23,"岡電バス「岡大病院入口」停徒歩1分
岡山電気軌道清輝橋線「清輝橋」駅 徒歩4分
ＪＲ山陽本線「岡山」駅 自転車10分(約2.2km)
ＪＲ瀬戸大橋線「大元」駅 自転車8分(約1.7km)",2.1 km,5.4 km,1DK／27.8m²～28.9m²／12帖～12.5帖,独立洗面化粧台 / セパレート（バス・トイレ） / 洗濯機置場(室内) / 温水洗浄便座 / IH+RHコンロ(2口) / 家具家電付(一部) / 家電付(一部) / 居室照明器具 / バルコニー / フローリング / 収納 / シューズケース / 吊棚 / インターフォン（TVモニター付) / 暗証番号式キー / エアコン / 個別給湯（ガス）,プロパンガス / BSアンテナ / CSアンテナ / インターネット(Wi-Fi対応) / オートロック / 防犯カメラ / エレベーター / 宅配BOX / 駐輪場(原付可)
Eden Park医大南,https://unilife.co.jp/view/11602,4.95万円 ～ 5.5万円,岡山県岡山市北区奥田本町9-15,"岡電バス「岡南営業所」停徒歩6分
岡山電気軌道清輝橋線「清輝橋」駅 徒歩13分
ＪＲ宇野線「大元」駅 徒歩15分",2.4 km,5.5 km,1K／25.36m²／8帖,独立洗面化粧台 / セパレート（バス・トイレ） / 洗濯機置場(室内) / 温水洗浄便座 / 浴室乾燥機 / 追焚き機能付バス / IHコンロ(2口) / システムキッチン / 居室照明器具 / バルコニー / フローリング / 収納 / シューズケース / インターフォン（TVモニター付) / 防犯ディンプルキー / エアコン / 個別給湯（ガス）,プロパンガス / BSアンテナ / CSアンテナ / インターネット対応（無料） / オートロック / エントランス防犯モニター / 防犯カメラ / 宅配BOX / 駐輪場(原付可)
奥田ビル,https://unilife.co.jp/view/11410,3.9万円 ～ 4万円,岡山県岡山市北区奥田本町13-12,"バス「岡南営業所」停徒歩6分
岡山電気軌道清輝橋線「清輝橋」駅 徒歩13分
ＪＲ宇野線「大元」駅 徒歩15分",2.4 km,5.6 km,1R／21m²／7.4帖～7.9帖,セパレート（バス・トイレ） / 洗濯機置場(室外) / 温水洗浄便座 / IHコンロ(1口) / フローリング / バルコニー / 収納 / シューズケース / インターフォン / 防犯ディンプルキー / エアコン,BSアンテナ / インターネット対応（無料） / 駐車場(任意) / 駐輪場(原付可)
ドミール青江,https://unilife.co.jp/view/10665,5.3万円 ～ 5.7万円,岡山県岡山市北区青江1丁目15-22,"岡電バス「青江北」停徒歩3分
ＪＲ宇野線「大元」駅 自転車9分(約2.0km)
ＪＲ宇野線「備前西市」駅 自転車9分(約2.1km)
岡山電気軌道清輝橋線「清輝橋」駅 自転車10分(約2.3km)",3.8 km,6.5 km,1LDK／32.89m²／13.2帖,セパレート（バス・トイレ） / 洗濯機置場(室内) / 温水洗浄便座 / IHコンロ(1口) / システムキッチン / 居室照明器具 / 小窓(出窓) / フローリング / シューズケース / 収納 / インターフォン（TVモニター付) / 防犯ディンプルキー / エアコン / オール電化(ガス無し),BSアンテナ / CSアンテナ / インターネット対応 / オートロック / 防犯カメラ / エントランス防犯モニター / 宅配BOX / 駐輪場(原付可) / 駐車場(任意)
原宿コーポ,https://unilife.co.jp/view/1265,3.7万円 ～ 3.8万円,岡山県岡山市北区宿本町8-33,"JR津山線「備前原駅」徒歩9分
ＪＲ津山線「備前原」駅 徒歩9分",4.8 km,4.9 km,1K／24.48m²～28.23m²／8帖～9帖,セパレート（バス・トイレ） / 洗濯機置場(室外) / 温水洗浄便座 / ガスコンロ(持込) / フローリング / シューズケース / 収納 / エアコン,BSアンテナ / インターネット対応 / 駐車場(任意) / 駐輪場（大型バイク可）
入江第2ビル,https://unilife.co.jp/view/701790,3.9万円 ～ 4.2万円,岡山県岡山市北区津島西坂1丁目,ＪＲ津山線「法界院」駅 自転車9分(約2.1km),2.7 km,500 m,1K／24m²／7帖,セパレート（バス・トイレ） / 洗濯機置場(室内) / 電化キッチン（コンロ持込） / フローリング / バルコニー / 収納 / シューズケース / インターフォン / エアコン / オール電化(ガス無し),インターネット対応 / エレベーター / 駐輪場
レオネクスト清心,https://unilife.co.jp/view/700465,5.55万円 ～ 5.95万円,岡山県岡山市北区清心町9-5,"岡電バス「清心町」停徒歩3分
ＪＲ山陽本線「岡山」駅 徒歩10分
ＪＲ津山線「岡山」駅 徒歩10分
ＪＲ吉備線「岡山」駅 徒歩10分",850 m,2.4 km,1K／26.5m²～31.6m²／8帖,セパレート（バス・トイレ） / 独立洗面化粧台 / 洗濯機置場(室内) / 温水洗浄便座 / 電気コンロ / 居室照明器具 / バルコニー / シューズケース / WINクローゼット / インターフォン（TVモニター付) / エアコン,インターネット対応 / 駐輪場
カーサ・カレラStudio,https://unilife.co.jp/view/920916,4.9万円 ～ 5.6万円,岡山県岡山市北区学南町3丁目61,ＪＲ津山線「法界院」駅 徒歩3分,2.1 km,2.3 km,1K／23.1m²～23.9m²／9.2帖～9.7帖,セパレート（バス・トイレ） / 独立洗面化粧台 / 洗濯機置場(室内) / 追焚き機能付バス / 温水洗浄便座 / IHコンロ(1口) / 居室照明器具 / フローリング / 複層ガラス / インターフォン（TVモニター付) / エアコン,BSアンテナ / CSアンテナ / 宅配BOX / 駐輪場
ヴィラコート,https://unilife.co.jp/view/923342,4.65万円 ～ 5万円,岡山県岡山市北区津島新野1丁目71,ＪＲ津山線「法界院」駅 徒歩13分,2.1 km,1.8 km,1K／23.69m²～28m²,セパレート（バス・トイレ） / 独立洗面化粧台 / 洗濯機置場(室内) / 温水洗浄便座 / ガスコンロ(1口) / フローリング / 小窓(出窓) / バルコニー / 収納 / インターフォン,プロパンガス / インターネット対応 / オートロック / 駐輪場
ピアメゾン学南町,https://unilife.co.jp/view/12054,5.75万円 ～ 6.4万円,岡山県岡山市北区学南町2丁目6-26-2,ＪＲ津山線「法界院」駅 徒歩10分,2.2 km,2.1 km,1R／27.8m²～30.7m²／9.4帖～11.5帖,独立洗面化粧台 / セパレート（バス・トイレ） / 洗濯機置場(室内) / 浴室乾燥機 / 温水洗浄便座 / IHコンロ(2口) / 居室照明器具 / 防犯シャッター / フローリング / 収納 / WINクローゼット / シューズケース / インターフォン（TVモニター付) / 防犯ディンプルキー / エアコン,BSアンテナ / CSアンテナ / インターネット対応（無料） / オートロック / 防犯カメラ / 宅配BOX / 駐輪場(原付可)
シャトー南方,https://unilife.co.jp/view/12217,3.95万円 ～ 4.5万円,岡山県岡山市北区南方5丁目7-13,"岡電バス「スポーツセンター前」停徒歩2分
ＪＲ津山線「法界院」駅 徒歩14分
岡山電気軌道東山本線「西川緑道公園」駅 自転車8分(約1.8km)
岡山電気軌道清輝橋線「西川緑道公園」駅 自転車8分(約1.8km)",1.5 km,2.3 km,1K／19.35m²～19.6m²／6.6帖,セパレート（バス・トイレ） / 洗濯機 / 温水洗浄便座 / IHコンロ(1口) / 冷蔵庫（２ドア） / 居室照明器具 / バルコニー / 収納 / シューズケース / インターフォン（TVモニター付) / 防犯ディンプルキー / エアコン,プロパンガス / BSアンテナ / インターネット対応（無料） / 宅配BOX / 駐輪場(原付可)
レオパレスグランドゥールⅠ・Ⅱ・Ⅲ,https://unilife.co.jp/view/702415,4.75万円 ～ 5.1万円,岡山県岡山市北区学南町3丁目14-22-1,ＪＲ津山線「法界院」駅 徒歩3分,2.7 km,2.7 km,1K／23.18m²／6帖,セパレート（バス・トイレ） / 洗濯機置場(室内) / 温水洗浄便座 / 電気コンロ / 冷蔵庫 / 居室照明器具 / バルコニー / トランクルーム / 収納 / シューズケース,インターネット対応 / 駐車場(任意) / 駐輪場
ウィステリア絵図町,https://unilife.co.jp/view/12281,5.85万円 ～ 6.4万円,岡山県岡山市北区絵図町9-37-3,"ＪＲ山陽本線「岡山」駅 徒歩18分
ＪＲ津山線「法界院」駅 徒歩18分",1.3 km,2.3 km,1K／28.9m²／9.5帖,独立洗面化粧台 / セパレート（バス・トイレ） / 洗濯機置場(室内) / 温水洗浄便座 / 浴室乾燥機 / IHコンロ(2口) / 家具家電付 / バルコニー / フローリング / シューズケース / WINクローゼット / インターフォン（TVモニター付) / 防犯ディンプルキー / エアコン,BSアンテナ / CSアンテナ / インターネット対応（無料） / オートロック / 防犯カメラ / 宅配BOX / 駐輪場(原付可)
ルシェール学南,https://unilife.co.jp/view/704157,5.3万円 ～ 5.4万円,岡山県岡山市北区学南町2丁目11番28号,"岡電バス「岡大入口」停徒歩5分
ＪＲ津山線「法界院」駅 徒歩5分",2.3 km,2.3 km,1K／27.9m²～28m²／7.8帖～8.8帖,独立洗面化粧台 / セパレート（バス・トイレ） / 洗濯機置場(室内) / 温水洗浄便座 / IHコンロ(2口) / バルコニー / フローリング / 収納 / シューズケース / インターフォン（TVモニター付) / エアコン / 個別給湯（電気温水器） / オール電化(ガス無し),BSアンテナ / CSアンテナ / インターネット対応（無料） / オートロック / 防犯カメラ / 宅配BOX / 駐輪場
レジデンスジュネス,https://unilife.co.jp/view/12468,3.8万円 ～ 4.25万円,岡山県岡山市北区伊福町2丁目13-10,"岡電バス「伊福町1丁目」停 徒歩4分
ＪＲ山陽本線「岡山」駅 徒歩13分",950 m,2.2 km,1K／24m²／7帖,セパレート（バス・トイレ） / 洗濯機 / 洗濯機置場(室内) / 温水洗浄便座 / IHコンロ(1口) / 家具家電付 / 冷蔵庫 / 居室照明器具 / 電子レンジ / 収納 / シューズケース / インターフォン（TVモニター付) / 防犯ディンプルキー / エアコン,
マメゾン三野,https://unilife.co.jp/view/700454,4万円 ～ 4.2万円,岡山県岡山市北区三野３丁目1-21,"バス「水源地」停徒歩2分
ＪＲ津山線「法界院」駅 徒歩13分
ＪＲ山陽本線「西川原」駅 自転車11分(約2.6km)
ＪＲ津山線「備前原」駅 自転車9分(約2.1km)",3.3 km,3.5 km,1K／25.6m²／8.5帖,セパレート（バス・トイレ） / 洗濯機置場(室内) / IHコンロ(1口) / バルコニー / 収納 / シューズケース / インターフォン / エアコン,BSアンテナ / インターネット対応 / 駐車場(任意) / 駐輪場
ソティーレ津島東,https://unilife.co.jp/view/12461,5.55万円 ～ 5.65万円,岡山県岡山市北区津島東2丁目9-12,"岡電バス「津島東三丁目」停　徒歩5分
ＪＲ津山線「法界院」駅 徒歩10分",3.3 km,3.3 km,1R／28.9m²／10.6帖,セパレート（バス・トイレ） / 独立洗面化粧台 / 洗濯機置場(室内) / 温水洗浄便座 / 浴室乾燥機 / IHコンロ(2口) / 家具家電付(一部) / 居室照明器具 / バルコニー / 収納 / シューズケース / インターフォン（TVモニター付) / 防犯ディンプルキー / エアコン,BS・CSアンテナ / インターネット対応（無料） / オートロック / 防犯カメラ / 宅配BOX / 駐輪場(原付可) / 駐車場(任意)
ラヴニール三野,https://unilife.co.jp/view/1001371,4.2万円,岡山県岡山市北区三野2丁目1-8,"岡電バス「水源池」停徒歩1分
ＪＲ津山線「法界院」駅 徒歩12分",3.5 km,3.5 km,1K／29.42m²／8帖,セパレート（バス・トイレ） / 洗濯機置場(室内) / ガスコンロ(1口) / 居室照明器具 / フローリング / バルコニー / 収納 / シューズケース / インターフォン / エアコン,BSアンテナ / インターネット対応 / エレベーター / 駐輪場 / 駐車場(任意)
